lat,lng,densityTier,keyword,categoryId,storeId
37.293428,127.005403,4,피자,5,462910
35.645741,128.736122,2,버거,4,1059666
35.180153,129.171729,2,피자,2,1464465
37.722655,128.973949,1,쿠팡,1,63242
37.481722,127.595878,2,나이키,4,343699
37.735030,127.043458,6,아이스크림 할인점,2,146351
35.175798,126.889556,4,파스쿠찌,1,1106445
37.486669,126.780577,7,투썸플레이스,4,457280
37.351515,127.107535,7,정육점,4,716871
37.531735,126.964648,6,생맥주 전문,1,1612491
36.804721,127.144564,5,배스킨라빈스,4,2540106
36.609268,127.484069,4,피자,1,2583343
33.478574,126.462651,2,주유소,4,2400061
36.086325,129.391917,3,롯데월드타워,1,964990
37.373136,127.106007,6,서점,2,566251
35.150735,129.055576,7,백반/한정식,3,1354544
37.559131,126.835482,7,CU,3,1757742
37.843752,127.060386,3,카페,2,614862
36.527140,127.824186,2,투썸플레이스,5,2641415
36.785017,126.453480,6,이마트,1,2511966
37.648836,127.114776,3,엔젤리너스,1,554740
37.524874,126.897238,7,홈플러스,3,1852528
37.246096,126.579267,1,이디야커피,2,363373
37.367812,127.934128,3,HD현대오일뱅크,4,72712
34.989248,128.677896,1,VIPS,6,864747
37.278372,127.157953,5,중국집,4,256095
37.546754,126.842501,6,SK에너지,1,1778524
37.009839,128.139648,1,약국,4,2650025
33.501187,126.472783,2,배스킨라빈스,3,2421367
35.235402,128.905782,4,투썸플레이스,6,870945
35.061440,128.970172,3,카페,6,1403126
37.530068,126.871688,5,스타필드,1,1980259
37.647743,127.126706,6,AK몰,2,469041
37.395224,126.653011,6,정육점,3,2195312
37.573787,127.001264,7,엔젤리너스,4,1784044
37.399105,127.113850,6,피자,2,284442
34.743649,127.731197,6,요기요,1,2291337
37.205018,127.121958,2,던킨도너츠,3,741877
35.321765,126.868562,1,아웃백,3,2294299
34.786148,127.689326,2,뷔페,2,2299726
36.391896,127.347242,3,올리브영,4,1271883
35.220066,129.120226,2,파리바게뜨,4,1447125
37.836495,127.507490,4,주유소,4,2662740
36.802908,127.138183,3,빵/도넛,2,2467243
37.779764,128.880880,1,엔젤리너스,4,27365
37.524781,126.896226,7,정육점,4,1991247
36.126711,128.334137,5,S-OIL,1,973471
37.901154,127.198355,5,AK몰,6,301336
35.932803,126.949140,5,편의점,4,2358022
37.433728,127.492266,1,스타벅스,3,698170
34.950473,127.526796,6,꽃집,4,2213958
37.509672,126.962926,4,정육점,1,1483858
35.417006,127.398279,3,HD현대오일뱅크,2,2301410
37.298621,126.809539,3,치킨,1,479441
37.301019,127.118670,2,롯데VIC마켓,3,213216
37.498060,126.681005,3,배스킨라빈스,3,2153876
37.534980,126.740255,5,롯데몰,2,2097101
35.844100,129.202824,3,치킨,1,947126
37.491944,126.928855,7,에이블리,3,1972475
37.736513,128.859679,1,치킨,5,39930
35.828908,127.168058,5,이마트24,5,2375938
37.502231,127.009644,6,주유소,2,1743107
37.611852,126.920743,6,이디야커피,4,1991947
37.614502,126.927518,4,백반/한정식,2,1899166
36.020019,129.369793,4,아웃백,4,933734
37.400554,126.917637,7,지그재그,2,529871
36.809961,127.112377,6,경양식,4,2545655
37.446107,126.795319,6,국수/칼국수,2,629612
37.489900,126.979230,7,이디야커피,4,1977382
37.304481,126.972553,6,아웃백,1,2664466
37.910107,127.742440,2,약국,1,2661451
36.554477,128.728495,2,국수/칼국수,4,1017217
35.536044,129.319452,6,중국집,4,2066669
37.373568,127.939133,3,쿠팡이츠,6,26880
37.539514,127.147979,3,쿠팡이츠,2,1917617
36.481050,127.259643,3,서점,4,2016375
35.814653,127.090779,4,올리브영,6,2343566
35.523331,129.315415,6,요기요,4,2048384
35.178214,128.976170,6,HD현대오일뱅크,3,1385969
35.069339,126.519995,3,서점,3,2297206
35.611696,129.453932,1,파스쿠찌,1,2043852
35.161426,129.110683,5,구내식당,4,1336311
35.086282,129.045292,6,투썸플레이스,3,1459717
37.269537,127.037550,4,11번가,2,566439
37.811514,127.135237,2,배스킨라빈스,1,258882
35.136026,129.097507,3,피자,4,1351435
35.684555,127.902682,2,아이스크림 할인점,4,843816
37.512524,126.898019,6,던킨도너츠,1,1765998
37.363024,126.930055,7,치킨,2,249590
37.779142,126.702232,1,배스킨라빈스,1,543659
34.984284,126.473387,2,CU,3,2272596
35.146284,126.852915,4,치킨,2,1066835
35.202619,128.576840,5,스타벅스,4,898297
37.586377,127.207329,3,폴바셋,1,477124
34.316679,126.757983,2,쿠팡이츠,2,2273200
36.756712,127.147216,1,이마트24,1,2464611
37.574712,127.074322,6,던킨도너츠,4,1649673
37.510740,127.063074,7,뷔페,2,1891533
37.567150,127.193465,5,포잉,4,329497
35.131949,126.884613,3,피자,2,1064281
37.495719,126.492721,5,주유소,3,2182052
36.061659,129.378515,4,폴바셋,4,1053441
37.571165,127.001862,7,족발/보쌈,3,1708673
35.153780,129.057543,7,다이소,6,1426786
37.506900,127.103779,6,VIPS,1,1852667
36.603925,127.295460,6,S-OIL,1,2012751
37.670658,128.707421,2,S-OIL,4,91003
37.725677,126.721891,4,치킨,6,268630
37.571430,126.994602,7,VIPS,3,1708017
37.589935,126.707054,6,파리바게뜨,1,2200393
37.541437,127.004633,4,주유소,1,1717378
36.098452,128.472837,1,피자,4,1026129
37.533176,126.789895,2,무신사,5,405314
37.596361,127.082382,6,치킨,6,1549055
35.197383,128.714846,3,투썸플레이스,1,770856
37.672412,126.780038,5,카페,3,539571
37.611462,126.831234,3,치킨,1,469672
33.467097,126.542385,3,주유소,4,2413343
37.746917,127.045262,5,지그재그,2,608636
37.314044,126.834427,7,던킨도너츠,3,262863
35.099822,128.920950,5,이마트24,4,1468346
37.198439,127.124828,2,엔젤리너스,4,2680074
35.051141,128.829228,1,G마켓,5,1444176
37.059534,126.868992,1,CU,2,735133
37.541834,126.934425,5,투썸플레이스,5,1985689
35.186006,129.078755,6,정육점,2,1468092
37.660731,127.030399,4,이디야커피,2,1668289
37.553589,126.926163,7,주유소,3,1951060
37.198781,127.544703,1,치킨,1,172251
37.550223,127.020805,5,CU,5,1827664
37.519331,127.461723,2,중국집,6,258090
37.604945,127.099150,3,룰루레몬,2,1759983
37.503454,126.879456,6,카페,4,1568370
37.533828,126.831954,3,피자,5,1913617
34.492361,126.518700,1,서점,6,2283476
33.513044,126.470815,2,중국집,4,2445788
35.889591,128.569419,4,족발/보쌈,2,1146259
35.208449,128.101198,1,주유소,6,779078
35.791920,127.422022,3,카페,2,2320885
37.769205,128.387087,1,쿠팡이츠,3,21860
37.506933,127.002089,6,커피빈,4,1886086
37.999471,127.365455,1,배스킨라빈스,2,344429
37.332551,127.130525,3,치킨,2,2665578
37.685653,127.211606,3,피자,3,155364
37.589263,127.020699,7,한의원,3,1577962
35.157411,128.689162,2,피자,1,784291
35.168012,129.034281,3,스타필드,5,1355692
37.313925,127.077764,5,배스킨라빈스,4,597368
35.184921,128.556542,6,국수/칼국수,4,775295
37.549724,127.069441,7,던킨도너츠,1,1549388
37.559626,126.901482,7,쿠팡이츠,1,1884319
37.611718,126.916472,6,주유소,2,1660034
37.567724,126.988904,7,슈퍼마켓,4,1618478
37.540994,126.674999,3,빵/도넛,1,2172023
37.072555,127.425440,1,VIPS,3,359862
35.877171,128.579961,4,지그재그,6,1248658
36.392198,127.348575,3,백반/한정식,2,1300895
36.759663,128.075655,1,버거,4,1010850
37.267429,127.220784,4,버거,3,589802
35.990717,129.564145,2,뷔페,4,948485
36.185365,127.102956,4,이마트24,2,2533473
37.484626,127.117075,7,약국,1,1841925
37.579308,126.791136,1,치킨,4,1990778
36.355965,127.332695,7,피자,1,1286439
34.774064,127.886889,1,치과의원,4,875751
35.164863,129.172299,5,카페,1,1431480
35.878069,128.568455,4,주유소,2,1224110
37.207970,127.070359,7,정육점,6,717226
38.196964,128.321519,1,치킨,1,55018
37.480589,126.953931,7,룰루레몬,1,1845284
36.784693,127.159808,3,한방병원,4,2503419
37.367249,126.725115,7,배스킨라빈스,4,213846
36.352244,127.331593,3,롯데마트,1,1290828
37.737845,127.049277,7,지그재그,1,207446
35.139914,129.092425,5,올리브영,3,1455046
37.212814,127.062516,6,피자,3,732443
35.148779,129.064053,5,치킨,1,1335777
35.874497,128.630842,6,피자,2,1200708
37.472815,126.981668,7,컬리,3,1981283
35.182695,128.978536,2,배스킨라빈스,3,1372359
35.584122,126.856497,3,피자,1,2377763
37.473718,126.953762,6,카페,1,1786776
37.605239,127.067285,3,올리브영,4,1933194
33.326356,126.838360,1,GS25,6,2421008
33.542048,126.667783,2,스타필드,2,2409537
36.042975,128.789862,2,서점,4,1041363
37.294432,127.160606,1,VIPS,4,562614
35.886564,128.577162,3,GS25,3,1174557
36.836795,127.820475,1,치킨,4,2638183
38.206496,128.579809,5,카페,1,63355
35.202562,126.895357,4,생맥주 전문,4,1095703
37.537152,127.146339,3,카페,4,2698550
36.294353,128.935577,1,약국,4,1059001
35.837975,128.532221,4,쿠팡이츠,4,2689337
37.470570,126.933281,6,치킨,2,1993605
37.229220,127.293309,2,스타필드,6,707179
34.923718,128.070062,4,카페,6,784396
36.252753,127.342288,1,메가MGC커피,6,1287708
37.534870,127.129035,6,AK몰,3,1621572
36.452010,126.800793,4,주유소,4,2523445
37.541563,127.066689,7,버거,4,1606410
37.556815,126.830323,4,경양식,3,1923526
35.186554,129.083491,6,패밀리레스토랑,1,1429026
36.352628,127.339855,6,포잉,2,1262555
35.946912,128.551154,4,엔젤리너스,3,1214657
37.580824,127.087038,6,요기요,3,1780623
37.892342,127.057785,3,카페,1,322761
33.256715,126.358151,1,메가MGC커피,4,2399872
35.112496,128.485733,2,배스킨라빈스,4,825721
37.870379,128.817951,1,SK에너지,6,76339
37.439426,127.159841,6,나이키,1,604332
36.657120,128.457899,2,올리브영,3,1026714
37.511355,127.040288,7,서점,1,2697466
35.886676,128.615551,5,배스킨라빈스,2,1160809
34.802195,126.694835,3,피자,2,2292552
36.399948,127.404804,3,중국집,1,1301752
36.809840,128.608270,3,한의원,3,1053525
37.470581,128.723775,1,약국,2,85219
37.586227,127.017027,7,약국,6,1661840
37.728897,126.736425,4,S-OIL,3,259816
37.523486,127.041737,7,파스쿠찌,1,1493723
37.585466,126.703425,6,이디야커피,1,2180720
38.025766,127.073131,4,SK에너지,1,510646
33.280825,126.712624,1,약국,1,2423309
35.986531,129.219722,3,치킨,3,1041065
38.209115,127.214875,4,구내식당,3,20193
35.236674,128.578557,5,빵/도넛,3,862148
37.540487,126.646052,2,피자,3,2095883
37.592334,127.098878,4,치킨,3,1564082
35.190891,126.824192,5,꽃집,6,1103209
36.262561,127.383696,1,횟집,2,2516624
36.257156,127.827668,1,치킨,1,2599256
37.521027,126.742379,3,카페,2,2090540
37.293616,127.044340,5,정육점,1,406454
35.239217,129.217824,3,서점,1,1395510
35.240405,128.691935,3,족발/보쌈,1,857024
34.801294,126.368491,2,파스쿠찌,4,2225735
35.414072,128.690979,1,주유소,2,896115
37.578853,126.893347,6,구내식당,2,1938818
36.789065,128.588337,1,편의점,1,949824
35.913821,129.237295,1,버거,1,923897
33.490090,126.543163,5,피자,3,2442352
36.479203,127.259042,3,SK에너지,1,2016138
37.675254,127.078773,4,요양병원,4,1699243
34.888723,128.415306,4,세븐일레븐,1,859744
37.510674,126.705563,3,HD현대오일뱅크,2,2189435
35.175548,128.091629,3,주유소,2,849993
37.581285,126.795754,1,파리바게뜨,1,1993263
35.893914,128.563356,4,메가MGC커피,4,1243929
34.727699,127.718744,2,스타벅스,4,2285938
35.627303,126.470808,2,한의원,6,2351859
35.865089,128.699806,3,치킨,1,1231835
36.658316,128.047820,1,던킨도너츠,4,959127
36.083764,128.176631,1,주유소,2,939422
37.491826,127.114143,7,투썸플레이스,4,1942252
35.061847,128.984419,3,치과의원,1,1395724
37.535818,126.889868,4,이마트24,6,1864644
37.165212,127.090040,2,컬리,4,727085
38.002080,127.246491,2,폴바셋,3,725016
35.968721,129.402572,4,쿠팡이츠,4,991822
35.874571,128.707170,3,국수/칼국수,2,1212238
37.562365,127.022913,7,이마트24,1,1542023
36.828800,127.139503,6,피자,1,2566291
35.502087,127.510265,1,11번가,6,2311299
37.483377,126.941736,4,파스쿠찌,1,1937083
37.492751,126.721130,7,이마트24,1,2168042
34.738875,127.728634,6,메가MGC커피,2,2224702
35.850441,128.649729,2,메가MGC커피,1,1177139
37.326338,126.798464,5,이마트,4,496797
35.170171,129.093687,3,횟집,2,1368748
35.857684,128.495302,3,아웃백,4,2690391
33.492294,126.664481,1,버거,4,2438138
36.313542,128.096556,1,백반/한정식,2,1038236
37.195756,127.053860,3,횟집,4,654845
37.338921,127.101722,3,약국,3,369735
35.158022,129.055754,7,이마트24,1,1398265
35.130994,126.891172,5,치킨,1,1072465
37.552516,126.996073,1,구내식당,2,1540356
35.208685,129.127299,3,파스쿠찌,3,1457063
37.274118,127.067672,4,치킨,2,378149
38.007365,127.292840,1,투썸플레이스,3,205613
37.658913,126.431497,1,구내식당,1,2076936
38.036414,126.924855,1,카페,4,242524
36.615007,127.513154,5,던킨도너츠,1,2597724
37.488623,126.745929,5,한의원,4,2181766
37.348184,127.112388,7,GS칼텍스,2,633885
35.864921,128.596351,7,치킨,4,1239382
35.172600,126.893016,4,홈플러스,1,1100918
35.538298,129.331916,7,떡/한과,3,2028734
35.860387,128.594939,6,아웃백,4,1222401
35.830436,128.619096,5,HD현대오일뱅크,4,1210195
35.862849,128.599407,7,버거,1,1221984
37.470773,126.671054,2,트레이더스,2,2116807
37.523610,126.786447,2,무신사,4,411507
35.792503,129.241787,1,S-OIL,3,934461
37.453065,126.705468,7,카페,2,2082978
37.489508,126.499658,4,중국집,4,2199043
37.523588,126.926425,7,기념품점,3,1514514
37.453680,126.601911,2,약국,2,2174877
36.069712,129.384839,3,세븐일레븐,3,960827
35.872329,128.750999,2,버거,4,1225214
37.480433,126.954950,6,쿠팡,1,1883851
36.091795,128.357752,4,SK에너지,4,1034186
35.876529,127.920623,1,SSG.COM,1,819763
37.465173,126.709151,6,롯데월드타워,4,2076328
35.193215,126.901274,4,11번가,1,1121843
37.460038,126.900651,6,카페,3,1665910
35.900343,126.719890,1,HD현대오일뱅크,6,2366661
36.521493,127.233838,2,세븐일레븐,2,2011717
36.650185,127.457269,2,스타벅스,1,2570549
37.235752,127.103197,2,약국,3,214216
37.535516,127.046334,7,치킨,4,1795704
35.033239,126.719213,4,이마트,1,2220234
37.377314,126.862154,3,횟집,1,530100
35.153547,126.905296,4,백반/한정식,4,1085160
35.205652,126.861782,2,롯데홈쇼핑,1,1122219
37.522225,126.925637,7,주유소,1,1764630
35.112345,126.896603,2,카페,2,1119978
37.533252,126.946903,7,한의원,4,1780587
36.832004,127.137535,7,치킨,2,2559518
35.907470,129.011801,1,치킨,4,932807
35.860680,127.083379,1,던킨도너츠,2,2355454
34.871313,128.648549,1,횟집,1,908106
37.574238,126.669368,1,구내식당,1,2185884
35.882953,128.716134,2,CU,1,1237338
37.595568,127.092229,6,한의원,1,1655105
34.949843,127.487627,5,룰루레몬,4,2224470
37.502699,126.854421,5,지그재그,4,1990266
37.481934,127.020948,4,SK에너지,3,1734153
35.908202,128.613321,4,카페,4,2691012
37.381081,126.853095,2,GS칼텍스,2,211004
35.853753,128.467957,4,배스킨라빈스,1,1186892
36.093014,128.354396,2,서점,3,928441
35.216271,129.085645,6,파스쿠찌,3,1394390
37.484560,127.607369,1,CU,4,528431
35.210580,126.371145,1,쿠팡이츠,2,2293434
37.562696,126.900381,6,편의점,2,1710955
35.239863,128.896175,4,김밥/만두/분식,1,2681379
35.435407,126.690661,1,다이소,3,2387433
36.621104,127.429776,5,배스킨라빈스,1,2601310
34.463430,126.235468,1,치킨,3,2231912
35.098065,128.804896,2,주유소,4,922583
35.216201,129.036330,4,배스킨라빈스,2,1355006
37.385015,126.975714,4,HD현대오일뱅크,2,687675
37.478221,126.888140,7,치과의원,3,1868212
37.413510,127.200870,2,엔젤리너스,1,703910
33.263133,126.389543,1,SK에너지,2,2405609
38.502049,128.424435,1,스타벅스,4,99533
35.876916,128.574376,4,정육점,4,1157536
35.113462,129.012014,3,VIPS,1,1440147
36.781876,126.999617,6,치과의원,3,2511021
37.497903,127.026701,7,버거,4,1758103
33.480640,126.490820,7,주유소,4,2432604
37.480289,126.765408,3,엔젤리너스,1,222662
37.219549,127.528381,1,세븐일레븐,3,570638
37.592502,126.712339,4,버거,3,2201809
37.464475,126.694588,3,피자,4,2157610
37.477953,126.806520,5,쿠팡이츠,4,338963
35.149192,126.913291,7,쿠팡이츠,4,1116369
35.194963,128.071816,5,카페,2,895432
36.367056,127.432651,5,폴바셋,4,1283085
37.481424,126.932511,7,버거,1,2698772
37.496527,127.064093,3,약국,3,1524752
37.486579,126.755274,5,SK에너지,4,484010
38.073217,127.323020,1,떡/한과,3,219368
36.724086,127.538701,2,파스쿠찌,3,2641398
37.543792,126.928434,6,경양식,5,1961815
35.625341,126.472546,2,룰루레몬,1,2716368
37.484588,126.813160,5,홈플러스,4,345058
36.018306,129.357480,5,스타필드,4,956741
37.440634,127.149172,5,이마트24,4,308575
37.570141,126.984721,7,주유소,4,1921277
33.479874,126.543082,2,쿠팡이츠,4,2420316
37.520204,127.029176,7,약국,1,1592474
37.503460,127.113987,6,치킨,4,1654783
37.236597,127.051620,5,세븐일레븐,3,453008
37.454216,126.716946,5,SK에너지,3,2162273
37.394566,126.648435,5,버거,6,2195804
37.492888,126.893440,7,카페,2,1593877
36.138672,128.310257,2,피자,3,983047
34.964998,127.579928,2,치킨,1,2263444
37.594315,127.084582,6,파리바게뜨,1,1989747
37.638099,126.834438,6,약국,3,249114
37.484229,127.018365,4,이마트24,6,1879268
37.225082,127.210225,3,S-OIL,6,294949
37.678281,126.745283,5,파리바게뜨,2,615335
37.558949,126.911871,7,포잉,1,1574887
37.495447,129.112711,4,카페,1,102476
36.800455,127.160747,4,배달의민족,1,2720640
37.341570,127.105459,5,던킨도너츠,2,691157
37.525105,127.126981,6,농협하나로마트,1,1898262
37.243348,127.494782,1,스타벅스,5,2663708
37.472568,127.041895,6,이마트24,2,1872165
37.381692,127.130967,4,구내식당,4,286997
33.485952,126.433799,4,주유소,2,2414889
37.278828,127.017727,6,피자,1,123485
37.548658,126.738598,4,카페,1,2135790
37.296276,127.336300,1,엔젤리너스,3,673764
37.548422,127.328320,1,피자,1,2670561
37.376009,126.433525,1,구내식당,1,2082839
35.813138,128.509252,2,아웃백,1,1186487
34.955514,127.515511,4,버거,1,2287985
35.880519,128.583627,4,카페,1,2690501
37.492568,127.492221,3,세븐일레븐,4,573024
35.836113,128.581788,1,뷔페,1,1144540
37.612585,126.725827,3,롯데마트,4,194469
36.554212,127.428128,1,이디야커피,2,2579269
34.970648,128.064218,1,옥션,4,2683895
37.463904,126.705445,6,횟집,6,2192588
37.312323,126.828859,7,파스쿠찌,4,331014
35.062404,126.994176,5,커피빈,2,2297500
33.321726,126.833882,2,투썸플레이스,4,2415933
35.266716,129.081947,5,파리바게뜨,4,1368202
37.753260,128.894729,6,GS25,2,92064
37.745679,126.489021,3,파리바게뜨,1,2131734
34.856398,128.419245,2,이마트,6,903651
37.623799,126.732527,1,세븐일레븐,1,430401
37.489038,126.496340,4,홈플러스,1,2714111
35.062013,126.781728,1,주유소,3,1071606
37.582898,126.981291,4,홈플러스,1,1578256
37.603838,127.079095,6,약국,6,1652564
36.365167,127.380316,5,배달의민족,2,1282840
37.468747,126.963741,3,주유소,2,1661152
35.402900,127.381311,5,서점,3,2360089
36.169815,127.788841,2,약국,6,2596406
37.297732,127.636212,4,이마트,2,107568
35.175713,128.561059,6,빵/도넛,6,813613
35.100574,129.005477,3,세븐일레븐,2,1401694
35.291133,129.258534,1,던킨도너츠,3,1394889
37.891695,127.726520,1,약국,3,84699
34.840779,128.423546,4,투썸플레이스,6,798332
35.927380,126.960125,4,배달의민족,5,2365420
37.558993,128.366146,1,아웃백,2,67196
37.375374,126.954210,5,카페,2,122768
37.536855,127.011161,4,GS25,4,1996832
35.829888,127.129214,3,횟집,1,2372904
35.086035,128.908772,1,횟집,2,1426540
37.250498,127.078458,6,11번가,4,375484
37.317453,126.796690,2,치킨,1,231512
35.193776,128.803842,6,중국집,4,831463
36.395845,127.231644,1,파리바게뜨,4,2562959
35.166851,129.036604,3,정육점,3,1476907
37.705435,126.661181,1,옥션,3,554683
37.568529,126.995090,7,치킨,1,1769155
34.318410,126.578464,1,파리바게뜨,1,2253424
37.761505,127.116177,1,이마트24,1,2672947
37.583465,127.043987,6,카페,4,1767092
37.543171,127.048170,7,무신사,2,1953253
36.130010,128.299951,1,세븐일레븐,4,1000107
37.501996,126.754424,5,피자,1,468704
37.721146,127.208936,4,정육점,1,409605
34.729065,127.717242,4,파리바게뜨,2,2202835
36.594785,128.187504,1,무신사,4,2687074
35.540139,129.304725,6,버거,2,2067587
36.002669,128.453250,1,피자,4,953615
37.397620,126.966209,5,던킨도너츠,2,317575
37.644398,127.020692,7,국수/칼국수,1,1746454
37.502765,126.776749,4,이마트24,3,177508
35.846062,129.230822,3,치킨,2,998933
37.295282,127.918586,2,이마트24,2,50775
35.305256,128.753483,1,VIPS,4,817053
37.490190,126.782791,7,폴바셋,4,234896
36.844376,127.128930,4,치킨,4,2721340
36.943480,126.779386,3,생맥주 전문,1,2521810
37.531644,126.660575,4,카페,4,2146027
37.287530,127.685592,1,이디야커피,2,468321
37.487164,126.728351,7,VIPS,3,2092285
37.159035,126.902709,2,파리바게뜨,4,626970
37.427381,126.989001,5,스타벅스,2,205304
36.070630,126.689845,5,쿠팡,3,2493133
35.866968,128.557962,5,엔젤리너스,1,2691313
37.532843,126.965752,6,텐바이텐,4,1570151
37.578910,127.018492,7,치과의원,5,1733803
35.915545,127.076634,1,이마트,2,2350147
35.847113,128.534510,4,이마트24,1,1236104
37.524637,126.890577,5,투썸플레이스,6,1786083
35.624969,129.328592,2,G마켓,5,2067459
35.866500,128.594639,7,족발/보쌈,4,1192552
37.604358,126.932372,6,주유소,4,1803987
37.385873,126.945649,2,스타필드,6,540117
35.109267,128.975339,3,꽃집,1,1433568
36.415747,128.308966,1,편의점,6,931638
37.571173,126.918661,5,버거,2,1810955
37.649698,126.704041,1,메가MGC커피,1,123158
35.481621,129.428349,3,카페,2,2035296
36.998879,127.175824,4,김밥/만두/분식,3,679855
35.249770,129.012309,2,카페,2,1379714
37.453497,126.902930,6,치킨,4,1489176
37.460473,126.681206,7,롯데월드타워,1,2112797
35.969207,128.936929,3,투썸플레이스,2,929869
37.550161,126.865551,5,카페,3,1916405
37.387761,126.855493,3,정육점,2,716086
37.601116,127.143017,7,다이소,1,330504
35.166415,126.934192,2,편의점,2,1117240
36.683429,129.440801,2,SK에너지,3,1060412
36.327450,127.437497,7,스타필드,3,1320445
37.513024,126.904683,7,편의점,3,1767303
37.227634,127.068861,5,롯데홈쇼핑,4,707427
35.960148,126.694959,3,치과의원,4,2364573
35.215747,128.678481,7,농협하나로마트,2,833402
36.785716,127.576825,2,이마트24,1,2606186
37.402586,127.097039,2,구내식당,6,560088
37.125684,126.912705,6,피자,2,717946
36.556477,126.686881,1,버거,1,2522510
37.542554,127.051943,7,다이소,5,1706483
37.527309,126.967324,6,패밀리레스토랑,1,1493553
35.059882,129.084211,1,한의원,4,1410802
37.287085,127.008646,6,편의점,4,563917
36.791144,127.121368,5,롯데마트,3,2479970
37.331473,126.815968,3,횟집,1,303915
37.658128,126.770247,2,세븐일레븐,3,636303
37.483023,127.123905,7,카페,4,1914644
37.319605,127.093975,5,치킨,1,219598
37.381933,126.720988,3,배스킨라빈스,3,631220
37.600650,127.141437,7,올리브영,2,666193
36.922929,127.053219,3,컬리,4,2536556
36.983018,127.919455,4,스타벅스,4,2643336
37.512028,127.066960,3,편의점,1,2704446
37.523567,126.880655,5,GS칼텍스,2,1833771
36.344141,126.594223,6,카페,6,2508452
36.332963,127.329333,2,주유소,2,1313040
36.773907,126.458614,6,파스쿠찌,1,2536716
37.045425,127.056519,4,치킨,5,200444
37.380912,127.118922,5,이디야커피,4,190835
37.470884,126.904913,7,이디야커피,4,1733471
35.818840,128.517244,5,GS25,4,1189035
34.729811,126.565021,1,빵/도넛,2,2239322
37.012542,127.260432,4,치킨,3,261863
37.344333,126.821372,2,나이키,3,154782
35.119805,126.865864,3,뷔페,4,1107400
37.595561,126.695993,3,룰루레몬,3,2127355
36.061136,129.378122,4,치킨,4,1038323
37.647073,126.870213,4,파리바게뜨,3,2670298
37.566320,127.015346,7,치킨,4,1658963
35.212595,128.115220,4,서점,2,918716
37.443832,126.654945,2,세븐일레븐,4,2072130
37.458491,127.160524,3,피자,2,310742
35.869238,128.574153,4,횟집,2,1207987
36.924544,126.907478,1,카페,2,272587
35.828013,128.740754,3,피자,4,1014793
37.693962,126.515491,1,아웃백,2,2076577
36.135586,129.395505,1,횟집,1,977428
36.435774,127.380081,1,트레이더스,5,1279658
37.717180,126.850498,1,김밥/만두/분식,1,316942
37.613166,126.908490,2,주유소,2,1958084
37.475352,126.977539,7,피자,2,1496804
37.209261,126.813851,2,컬리,1,716352
35.173004,129.089746,3,치킨,4,1434634
35.851195,128.606502,4,롯데홈쇼핑,2,1185639
37.387653,127.153788,1,에이블리,1,428491
37.076762,127.374767,1,홈플러스,2,169606
35.237124,128.590550,4,서점,2,808449
35.117768,129.034481,6,구내식당,3,1456151
36.803247,127.153470,5,이마트,3,2532365
37.409692,126.728396,1,횟집,4,2164558
35.678437,128.955893,1,카페,6,929617
37.512060,126.888598,6,주유소,3,1859647
37.386681,127.131354,4,구내식당,1,668398
37.371100,127.957572,1,구내식당,5,99465
36.028721,129.366284,5,약국,5,972156
37.516424,126.888376,7,약국,2,1751599
37.150627,127.660316,1,카페,4,264693
35.336620,128.941225,1,GS칼텍스,6,829137
37.363543,127.065179,2,롯데월드타워,1,140639
35.176010,126.827371,4,경양식,4,1093442
36.889611,126.627806,6,약국,2,2456049
35.509787,129.423230,2,이디야커피,3,2019184
34.882911,128.424920,4,카페,6,914328
37.176653,128.989478,4,아이스크림 할인점,4,49471
37.892110,128.827824,5,패밀리레스토랑,6,8472
36.419198,128.152106,3,컬리,1,983779
36.660854,126.679591,5,패밀리레스토랑,1,2532555
37.532779,126.993206,6,파리바게뜨,3,1817099
37.572386,127.087443,5,이마트,6,1884917
37.265019,127.665893,1,배스킨라빈스,1,325801
36.104822,128.359639,2,뷔페,5,1040801
35.245346,128.882823,2,버거,4,771461
34.936431,127.700359,3,스타필드,2,2233150
37.569574,126.986639,7,횟집,1,1833256
34.756971,127.703841,3,이마트,6,2241077
37.536661,127.004573,4,GS25,1,1768516
37.490073,127.526642,1,버거,3,643191
35.173739,128.802584,3,무신사,1,851323
35.866950,128.591924,7,치킨,4,1207114
37.668250,126.762498,4,버거,1,157827
35.787892,126.899057,1,스타벅스,4,2386650
37.506589,126.892332,6,약국,1,1774143
37.322434,126.696489,1,서점,4,705776
38.208504,127.222194,4,파스쿠찌,1,36051
37.655183,127.063694,6,치킨,4,1841655
36.286933,127.468669,2,피자,1,1302871
37.061591,129.417462,2,한의원,2,1019710
35.801282,126.886060,3,이디야커피,2,2361992
36.338226,127.449759,4,이디야커피,3,1282688
37.570904,126.992737,7,횟집,2,1549532
35.178369,126.894171,4,요기요,4,1106125
35.540449,129.332325,7,이디야커피,2,2067368
35.145847,129.032566,4,스타필드,4,1366109
37.577440,127.060429,4,파리바게뜨,2,1842992
35.544297,129.302218,6,구내식당,2,2059105
37.895987,127.201043,5,옥션,2,345287
37.487101,126.929500,7,구내식당,3,1778248
37.267909,127.025080,5,나이키,3,113554
35.811808,128.530199,4,지그재그,1,2690448
37.407249,126.957096,4,배스킨라빈스,4,616552
37.554478,126.856527,5,파스쿠찌,3,1765946
35.540999,129.349468,4,이마트24,1,2060998
37.423670,126.669912,2,세븐일레븐,4,2120643
37.823808,126.735271,1,떡/한과,6,262476
37.580638,127.041697,7,GS25,3,1906441
35.697554,128.471147,1,포잉,3,1244440
37.527074,127.129165,6,올리브영,4,1588169
37.669671,126.762941,7,치과병원,2,272912
37.421222,126.883504,5,배달의민족,6,677692
35.112594,126.894582,2,생맥주 전문,3,2688644
35.207318,128.581956,3,나이키,6,2680364
36.347120,127.385443,7,아웃백,1,1277637
35.164017,126.921962,4,치킨,3,1112424
37.375475,126.850713,2,국수/칼국수,1,301407
37.218698,126.837322,2,롯데VIC마켓,6,735941
37.369752,126.937599,6,피자,4,141359
37.112914,126.684290,2,서점,1,736864
35.407896,129.171161,4,홈플러스,5,892140
37.338518,127.094188,3,치과의원,1,463531
36.992876,127.438272,3,S-OIL,4,2649721
37.500333,127.036236,7,치킨,4,1991996
37.513495,126.908161,6,뷔페,3,1613966
35.580370,126.855485,3,나이키,4,2358596
35.825047,128.547868,5,한의원,4,1177191
36.354515,127.431559,5,피자,4,1252813
37.052621,127.048379,3,세븐일레븐,4,698395
37.203646,127.109781,5,서점,4,704650
35.956923,128.586124,2,횟집,1,1222362
37.657119,127.123916,3,에이블리,2,497140
35.135634,126.894239,4,정육점,5,1077614
37.542329,127.192763,4,버거,4,629702
37.483226,127.028533,7,이마트,2,1640073
35.189936,129.079753,6,구내식당,3,1337121
37.511088,127.008486,6,농협하나로마트,4,1781507
35.830089,128.549428,5,이마트24,2,1244697
35.837336,128.723826,3,슈퍼마켓,4,1034688
36.780879,127.000364,6,빵/도넛,4,2467210
37.489859,126.558203,6,S-OIL,4,2134097
37.549708,126.916979,7,서점,2,1987291
36.817768,127.142262,6,나이키,1,2547305
36.894647,126.640071,3,꽃집,1,2534415
35.323792,128.716636,1,파리바게뜨,5,857657
36.897715,126.209633,1,카페,4,2719920
36.018158,129.343271,3,구내식당,1,984029
35.204324,129.074425,6,이마트,4,1402987
36.802503,127.134687,5,HD현대오일뱅크,2,2567603
37.200778,127.053178,3,주유소,1,752106
37.512144,127.035596,7,카페,1,1535323
37.818182,127.346740,3,아웃백,6,227411
37.308377,126.874601,3,투썸플레이스,4,386032
35.957290,127.127920,2,치킨,2,2369856
35.224701,129.112818,2,폴바셋,3,1384227
35.572460,129.242875,3,GS25,2,2067775
35.030184,127.902792,2,약국,2,908381
37.652313,127.248199,4,농협하나로마트,3,482718
37.569105,127.007709,7,카페,3,1880020
35.187600,128.117388,6,기념품점,4,817473
35.438674,128.587386,2,빵/도넛,5,777725
37.543092,127.019148,5,카페,1,2704958
35.202666,129.103805,6,주유소,3,1361791
37.392107,126.643399,5,롯데VIC마켓,6,2144426
37.534224,126.974139,6,카페,4,1543365
34.798838,126.425923,6,이마트,2,2209711
37.494841,126.487435,5,치킨,4,2200750
37.572020,126.998026,7,이마트,1,1658128
37.534385,127.065560,7,편의점,2,1833324
36.333684,127.444110,3,파리바게뜨,1,1259299
37.879390,127.629826,1,SK에너지,4,84935
34.858175,128.425223,5,CU,1,844722
35.220178,128.862031,1,피자,4,807638
35.149822,126.921985,7,떡/한과,2,1071827
37.572292,126.895422,3,주유소,1,1503340
34.956905,127.523733,6,카페,5,2233837
37.550386,129.118718,3,이마트24,4,63166
37.400244,126.740887,5,김밥/만두/분식,2,2074607
35.098759,129.029113,7,무신사,1,1364826
38.202214,128.586180,5,배스킨라빈스,6,74250
36.079634,128.414715,2,치킨,4,1033605
38.070611,127.526108,2,구내식당,2,10753
35.224507,128.683923,6,아이스크림 할인점,5,783315
35.011763,126.775006,1,파리바게뜨,1,2269462
35.261923,129.020072,2,주유소,4,1388003
35.996296,127.141546,1,SK에너지,4,2312777
37.501780,127.109468,6,쿠팡,3,1886665
35.514865,126.676820,1,주유소,1,2303212
37.509211,126.734194,6,이마트,1,2112601
37.505443,127.109015,6,국수/칼국수,1,2001152
35.074474,128.064973,1,S-OIL,3,898852
36.098758,127.500203,4,이마트24,4,2519422
37.785257,127.454287,1,세븐일레븐,1,563146
34.782501,127.624324,1,정육점,4,2259746
33.477680,126.490991,6,파리바게뜨,3,2445772
37.741031,127.049284,7,세븐일레븐,4,515296
37.484415,126.985716,7,카페,2,1962567
37.523005,126.856191,6,서점,3,1920203
37.522754,127.027145,7,11번가,6,1826862
35.812705,127.126660,5,세븐일레븐,4,2380072
35.838498,127.134184,6,11번가,4,2339627
33.385854,126.876633,1,카페,4,2450662
37.462632,126.738615,2,HD현대오일뱅크,3,2179830
36.817212,128.618979,5,편의점,1,1055432
34.170269,126.649363,1,투썸플레이스,2,2207515
37.570831,126.704318,1,포잉,3,2136833
37.353895,126.928442,7,치과의원,1,684228
36.644859,127.482025,3,피자,6,2723616
35.485026,129.412335,1,롯데월드타워,1,2060510
36.971014,127.927959,6,횟집,1,2597644
37.493269,126.835859,2,GS칼텍스,2,1779556
37.578527,127.043186,7,서점,1,1900317
34.802595,126.396995,4,주유소,4,2231908
37.367590,126.729969,7,치킨,1,454470
36.995054,127.087919,4,주유소,1,203690
35.866271,128.586863,7,패밀리레스토랑,2,1140595
35.969732,126.734285,3,뷔페,4,2383527
35.840161,129.206887,7,올리브영,6,934414
37.448329,126.897289,5,주유소,4,1621410
37.560087,126.992213,7,배스킨라빈스,1,1532747
35.239537,128.903688,4,배스킨라빈스,2,772211
37.888969,127.058575,4,떡/한과,3,626121
34.756740,127.706764,3,스타벅스,2,2220565
37.492140,126.728987,7,스타벅스,2,2184238
37.262613,127.029155,7,SK에너지,2,679266
37.202278,127.055386,3,GS칼텍스,1,692479
36.063315,129.383548,3,카페,4,1024854
36.989991,127.599380,3,다이소,4,2614933
37.686899,126.760609,5,뷔페,2,687265
37.663148,127.011461,2,뷔페,1,1987709
35.173940,129.167314,5,한의원,4,1374517
37.502402,126.790316,6,GS25,3,339727
36.025086,129.351294,3,폴바셋,4,925840
36.339766,127.304100,2,중국집,2,1301907
37.596267,127.080304,6,GS25,1,1580219
36.028678,129.349726,3,카페,1,1027382
37.693802,126.783877,4,메가MGC커피,3,352636
37.745212,127.024183,1,포잉,4,2669842
37.432210,127.137623,7,피자,4,252888
37.532417,126.858037,7,기념품점,4,1939151
37.615614,126.919722,7,세븐일레븐,2,1715481
34.774257,127.653620,3,족발/보쌈,4,2257381
37.473149,126.935140,6,서점,1,1817952
37.514842,127.050919,7,올리브영,2,1544371
37.487972,126.915844,4,나이키,6,1890431
35.629056,129.357793,4,떡/한과,4,2061886
37.416815,126.671416,3,주유소,1,2156624
37.509361,127.109381,7,GS칼텍스,3,1688050
36.339828,127.367838,3,기념품점,6,1249920
37.526196,126.440202,1,떡/한과,3,2089679
35.099869,128.975096,3,정육점,4,2696191
37.241583,126.964561,2,백반/한정식,4,618376
37.478753,126.858860,5,폴바셋,4,149586
36.773839,126.412356,1,커피빈,2,2482443
37.447518,126.747179,2,치킨,1,2157771
36.884369,126.825902,2,배스킨라빈스,4,2454562
34.985365,127.585190,3,약국,1,2287025
37.018979,127.829225,2,파리바게뜨,1,2633141
37.209089,127.111399,5,중국집,1,756442
35.810915,128.731540,4,엔젤리너스,1,1016331
36.770158,127.067765,4,주유소,3,2496050
36.810028,126.581304,1,투썸플레이스,2,2486639
35.336147,129.033810,5,약국,2,923182
37.764785,128.878690,4,피자,1,64610
37.686265,127.046952,2,슈퍼마켓,2,1644883
36.805221,127.778950,1,GS25,4,2632758
37.292277,127.048743,5,치킨,3,467588
37.643613,126.778764,6,파리바게뜨,1,204687
37.453615,126.368987,2,엔젤리너스,3,2197458
36.783974,127.143256,2,뷔페,1,2531147
37.196216,127.099640,6,CU,3,730384
37.440989,129.167373,3,카페,2,99172
37.314296,126.825394,6,카페,4,178685
37.384489,127.949654,3,다이소,4,31141
37.384478,127.119130,6,치킨,2,454259
35.242096,128.587049,4,버거,1,764648
37.204206,127.090285,4,옥션,4,737579
37.480065,126.932313,7,배스킨라빈스,4,1820448
37.350453,127.952053,7,버거,4,32555
37.571855,126.993745,7,치킨,1,1506565
37.285151,127.030293,4,주유소,4,160375
37.505427,126.941280,5,횟집,1,1498905
38.062500,127.266947,1,정육점,1,595633
38.140832,128.242994,1,이마트,4,102851
36.024966,129.337197,4,롯데VIC마켓,4,1018592
36.321814,127.429752,4,SK에너지,4,1286385
35.203146,129.101891,6,올리브영,3,1346436
37.534870,126.955467,6,GS25,3,1575731
37.477723,126.891700,7,지그재그,3,1986387
37.517515,126.904753,7,올리브영,1,1786387
35.523123,129.326903,4,올리브영,1,2056676
35.851725,128.501560,4,카페,1,1137589
37.010827,126.539272,2,배달의민족,4,2514980
35.870702,127.126519,4,한의원,2,2394800
35.854833,128.553382,5,편의점,3,1213349
37.286872,127.635993,2,폴바셋,4,376394
37.459723,126.682224,7,스타벅스,1,2097267
37.505497,126.747969,5,꽃집,3,726163
36.099271,129.341231,2,버거,4,2686837
35.151128,129.070577,5,쿠팡,2,1430641
37.618483,126.831976,4,SK에너지,2,168092
37.593403,127.100982,6,카페,1,1499253
37.388148,126.948718,7,피자,4,333325
37.440214,126.456914,2,아이스크림 할인점,3,2714146
36.073545,129.406553,2,세븐일레븐,3,1027992
35.863207,128.575761,7,서점,4,1161645
37.266808,127.034176,7,국수/칼국수,4,543155
36.327565,127.404866,4,피자,1,1257506
37.635806,126.833079,5,카페,3,529476
35.144054,126.873392,3,정육점,6,1104171
36.767607,127.136732,2,파스쿠찌,4,2523766
36.995595,127.106534,6,카페,1,412141
35.821530,128.738617,4,버거,1,997877
37.141532,128.179438,1,세븐일레븐,1,2650001
37.378553,126.658780,5,CU,4,2081914
37.806733,127.087771,1,중국집,1,112291
36.809793,127.140862,5,카페,1,2453872
37.693632,127.902502,2,카페,2,13631
37.402138,126.921952,7,무신사,1,474147
35.229138,129.082314,7,배스킨라빈스,2,1400640
36.856561,127.508223,1,한의원,2,2601551
35.229449,128.819355,1,서점,3,900256
35.225254,128.886039,6,카페,1,784612
34.312014,126.752943,4,HD현대오일뱅크,3,2228219
35.227911,128.590597,2,약국,2,848942
37.521602,126.795789,4,치킨,4,490066
35.201184,129.002174,3,롯데VIC마켓,4,1456340
35.123311,129.112193,3,중국집,1,1352081
36.786523,127.128436,4,주유소,6,2552565
37.596635,126.956227,2,파리바게뜨,2,1691925
37.505661,127.024749,7,정육점,1,1684760
35.100059,129.030811,7,꽃집,1,1350981
36.654326,127.491039,4,치킨,6,2595446
37.062142,127.025760,1,생맥주 전문,1,494162
35.095382,128.924157,5,옥션,2,1470147
36.990471,127.086495,7,편의점,4,630384
35.809631,127.128958,3,횟집,4,2311447
36.121674,128.104287,2,컬리,4,965874
37.474725,126.705364,6,폴바셋,3,2155343
36.975479,128.362469,2,중국집,4,2632053
37.658708,127.248125,2,GS25,3,469353
37.624939,127.085809,6,카페,6,2700938
37.550180,127.016666,4,정육점,3,1943542
34.748013,127.742435,2,치킨,3,2229125
35.198411,127.520759,1,컬리,3,2278368
37.457123,126.671774,6,카페,3,2127525
37.874254,127.737938,5,이디야커피,1,38176
36.284351,126.907583,5,컬리,4,2453468
37.511649,126.732014,6,구내식당,5,2148188
37.136551,126.905444,1,구내식당,3,714816
35.157833,129.163353,6,쿠팡,2,1434295
37.566355,127.031372,6,파스쿠찌,1,1754465
34.989781,128.679944,1,경양식,4,2682775
37.569381,126.999962,7,S-OIL,4,1923646
37.522551,126.628721,4,주유소,1,2108873
37.145900,128.987131,2,생맥주 전문,1,49510
35.948013,128.578683,2,카페,1,1226887
37.313973,126.837967,7,구내식당,3,133065
37.474544,127.125514,7,배스킨라빈스,3,1747786
37.618664,127.018605,5,치과의원,4,1544286
36.356017,129.383669,2,치과의원,1,996797
37.818331,127.160762,1,배스킨라빈스,3,372560
37.498537,126.884805,6,치킨,2,1633178
37.522369,126.793944,3,농협하나로마트,3,397804
37.451239,126.703589,7,커피빈,4,2098864
37.489773,126.674155,2,피자,1,2124987
36.622793,127.439817,5,이마트24,1,2601198
37.505490,126.968483,4,구내식당,3,1855976
37.303031,127.007431,6,이디야커피,1,301236
35.168764,129.184646,7,올리브영,3,1369070
36.303067,127.565143,5,G마켓,1,2573078
36.696666,127.420138,1,치킨,1,2619445
37.631244,127.025880,7,포잉,6,1592894
36.482154,127.713855,4,버거,3,2629227
36.921288,127.548395,1,컬리,2,2604582
37.564367,126.669216,2,주유소,4,2161198
35.869780,129.218087,3,치킨,1,985117
35.821557,127.145235,6,S-OIL,1,2337275
34.994386,127.494565,2,SSG.COM,4,2295920
36.615585,127.282740,2,편의점,5,2009209
37.475600,126.922034,4,G마켓,3,1566725
37.361219,126.961690,3,치킨,1,155833
35.223382,128.673429,2,아이스크림 할인점,1,824256
37.558078,126.944478,5,경양식,1,1998546
37.647441,127.125511,6,서점,3,565214
37.573002,126.976255,6,횟집,3,1835891
34.958859,127.516022,4,주유소,2,2295052
37.535571,127.005710,4,S-OIL,3,1638780
36.351851,127.381620,7,트레이더스,2,1322511
35.199644,129.073956,6,롯데몰,4,1440260
37.604652,126.917800,6,패밀리레스토랑,3,1944787
35.814575,128.542652,4,GS25,4,1237731
37.538274,126.733887,6,주유소,1,2125071
35.521198,127.725594,2,세븐일레븐,2,826664
35.972352,128.933208,3,스타벅스,4,1016268
35.085161,128.086589,5,세븐일레븐,4,883415
37.603807,126.923041,6,버거,3,1957488
37.462576,126.908249,3,김밥/만두/분식,1,1775765
37.500459,126.925604,5,치킨,6,1582740
37.689920,127.891033,4,농협하나로마트,6,3926
33.491971,126.433987,4,피자,2,2719812
35.483916,129.422808,3,국수/칼국수,4,2059655
36.310465,127.568380,2,주유소,3,2652421
37.542594,126.952045,7,카페,3,1802523
36.809576,128.621401,5,치킨,4,1051725
35.231465,128.853319,3,홈플러스,4,2682762
37.259210,127.028934,7,주유소,1,557424
35.185838,126.826830,5,치킨,6,1103795
36.344069,127.418824,3,카페,1,1286559
37.346047,127.108890,7,S-OIL,1,636231
37.544847,126.973450,6,스타필드,4,1985992
36.617750,127.505344,5,땡겨요,2,2572537
37.115523,126.913840,3,떡/한과,1,713468
35.123020,126.897974,4,주유소,1,1103360
35.601560,129.372145,3,백반/한정식,4,2054327
37.147417,128.209246,7,피자,1,2587054
35.268330,128.893564,1,파리바게뜨,3,803592
36.984604,129.393967,1,카페,3,1021103
37.253989,127.347243,2,SK에너지,4,687003
37.521827,126.671245,5,슈퍼마켓,2,2097235
35.101736,129.021274,6,배스킨라빈스,1,1384268
37.566536,127.043765,4,메가MGC커피,3,1949895
35.309056,129.009920,5,횟집,4,912393
35.084249,127.757116,1,정육점,3,812593
37.335524,126.841657,3,치킨,3,659935
36.788817,126.478836,1,CU,1,2497625
37.473194,126.621187,3,포잉,1,2120373
37.642727,127.026805,7,카페,6,1758682
35.151315,129.064681,5,11번가,1,1440769
37.493159,127.123852,5,CU,2,2702201
37.406662,126.963567,6,정육점,4,143833
37.200492,127.121516,2,주유소,3,743327
35.834549,128.618056,5,투썸플레이스,1,1218891
35.857104,128.553781,5,세븐일레븐,1,1245411
37.442465,126.699405,5,피자,4,2111399
35.152902,128.553973,2,스타필드,3,919535
37.887570,127.725961,2,스타필드,2,93964
37.326093,127.940831,3,카페,5,77220
37.479020,126.872322,4,CU,2,109510
37.493672,127.042558,7,기념품점,4,2701426
35.216871,126.903377,1,백반/한정식,4,1084409
37.479991,126.976369,7,약국,1,1657220
35.155719,126.914346,7,요양병원,4,1100299
37.558864,126.941743,7,카페,4,1641972
36.813195,128.623892,5,파리바게뜨,1,957621
35.958556,128.935443,4,SK에너지,2,953809
34.714731,128.043401,2,버거,1,862126
37.547779,126.861671,5,한의원,6,1707659
37.474208,126.704011,2,버거,4,2141614
37.876069,127.747137,3,커피빈,2,97433
37.447827,126.732444,3,투썸플레이스,3,2194293
35.242223,128.511749,2,GS25,3,779581
36.558998,128.757742,2,투썸플레이스,1,983934
37.270478,127.216614,2,주유소,1,590822
37.682554,127.377670,1,약국,2,258357
37.488267,126.885281,5,치킨,4,1665151
36.088790,128.365656,2,서점,3,981359
37.504287,126.759918,6,파리바게뜨,2,203475
36.129913,127.759468,1,롯데마트,3,2585466
37.833661,127.070817,3,SK에너지,4,164993
37.210165,127.089079,6,배스킨라빈스,4,740863
35.157400,128.987608,6,떡/한과,3,1401828
37.750126,127.082012,2,치킨,4,2679243
37.735295,127.420895,3,카페,4,441458
35.166100,126.791051,1,주유소,2,1087053
37.557029,126.923768,7,폴바셋,3,1599439
36.846513,127.525577,1,카페,2,2636402
37.641637,126.790710,5,빵/도넛,5,458045
35.279110,128.406192,3,꽃집,3,763609
34.946360,127.485963,5,정육점,6,2291747
37.480200,126.797444,4,치킨,1,218664
35.611679,126.672566,1,주유소,1,2357662
37.540834,127.098883,6,메가MGC커피,1,1897542
37.554608,126.909796,7,치과의원,4,1923974
37.561559,126.976559,7,치킨,2,1884759
37.491728,126.758045,7,카페,5,387015
37.894439,127.553444,1,요기요,3,623186
35.155639,129.123252,6,엔젤리너스,5,1404128
37.513712,126.921468,5,주유소,1,1501812
37.003406,127.172327,4,요양병원,3,513330
37.508791,127.056280,7,올리브영,2,1936263
37.486690,127.116756,7,농협하나로마트,3,1923236
37.438246,127.154635,6,SK에너지,1,150108
37.998113,127.364811,1,김밥/만두/분식,6,311407
37.515496,126.917924,5,카페,3,1664975
37.299049,126.857642,5,커피빈,4,489600
37.265668,126.905925,1,피자,1,744512
37.889425,127.752288,3,에이블리,2,49711
37.520757,127.049225,7,피자,2,1948676
35.220016,128.661728,1,땡겨요,3,2682865
33.481966,126.482668,6,올리브영,2,2414353
37.539252,127.088990,6,치킨,6,1935546
36.510329,129.449466,1,세븐일레븐,1,924439
35.173447,126.923798,5,치킨,5,1100136
37.330997,126.795618,6,메가MGC커피,1,644635
37.690943,126.361789,1,치킨,1,2127415
37.579278,126.904996,4,이마트24,3,1960622
37.516311,126.809614,4,에이블리,2,239449
35.209343,129.085899,6,올리브영,4,1334907
35.950962,128.582743,2,엔젤리너스,4,1246021
35.531396,129.321605,6,투썸플레이스,6,2023977
35.213800,129.078617,6,배달의민족,3,1363248
35.258612,128.625366,5,김밥/만두/분식,1,2682154
34.907863,126.430237,2,주유소,2,2297654
37.874750,127.748375,5,카페,3,33875
37.309623,126.999098,4,치킨,3,630450
37.890073,127.057678,3,떡/한과,1,410205
37.425989,127.096036,2,정육점,1,2663671
35.813470,127.122747,5,메가MGC커피,3,2343841
37.664877,127.120207,5,G마켓,1,565654
37.559246,127.043907,6,횟집,2,1853332
36.351713,126.597834,4,횟집,2,2534916
37.665159,126.762098,7,파리바게뜨,4,326145
37.614815,127.020576,5,한방병원,1,1594485
37.658708,126.835077,5,AK몰,4,589743
36.332088,127.428511,6,아웃백,1,1257113
35.187777,129.092525,5,치킨,2,1341915
37.535052,126.718604,5,뷔페,4,2130481
37.510909,127.627903,1,트레이더스,4,570100
35.343196,128.849708,1,다이소,3,822238
34.960029,127.565021,2,GS칼텍스,4,2214503
36.340067,127.396452,7,치킨,2,1255232
37.768035,126.774328,5,정육점,2,370992
36.064478,128.346565,3,족발/보쌈,2,970901
37.309421,126.905094,2,에이블리,1,573004
35.142352,129.067953,5,CU,4,1339145
37.215418,127.363120,1,버거,3,362390
35.226202,128.682279,7,한의원,5,854721
37.706101,126.759096,5,배스킨라빈스,3,2666524
35.859472,128.606770,6,떡/한과,1,1162745
37.502256,126.722998,6,뷔페,3,2158563
35.227755,128.811093,1,세븐일레븐,1,816597
36.309634,127.335848,1,카페,6,1274534
37.527070,127.145727,6,약국,1,1761653
37.456440,127.084212,1,주유소,6,1807888
37.632572,127.023677,7,경양식,1,1561103
37.391533,126.929855,5,롯데마트,5,302124
37.451271,127.156098,6,치킨,2,403761
37.553756,127.184294,4,요기요,4,115272
37.449375,129.165178,2,세븐일레븐,2,2198
35.836612,128.619655,5,뷔페,1,1242315
37.461569,126.703044,4,카페,4,2194946
36.439111,127.421773,2,배달의민족,2,1291715
35.422620,127.411260,1,구내식당,2,2366171
37.336904,127.935534,5,스타필드,1,25638
35.166263,126.892704,4,피자,4,1093394
37.174981,128.983459,2,주유소,2,47540
37.525012,126.917620,6,롯데홈쇼핑,6,1843994
34.943991,127.513485,6,다이소,5,2296820
37.604010,127.024178,5,서점,2,1655042
36.983620,126.924718,4,피자,3,2670053
37.627082,126.883466,1,아웃백,1,399077
36.925806,127.032601,3,롯데몰,4,2549696
36.618266,127.478081,3,홈플러스,3,2647476
37.169117,128.988712,4,커피빈,4,87575
36.207959,127.084911,3,엔젤리너스,1,2489690
37.381857,127.981327,1,투썸플레이스,1,77917
38.094965,127.074515,2,SK에너지,4,531932
36.859914,127.181413,1,횟집,4,2460293
37.636646,126.647768,1,치킨,1,678303
36.805645,127.151973,5,이디야커피,5,2471939
37.498798,127.037358,7,이디야커피,1,1970807
37.517421,127.019153,7,이마트24,1,1797511
37.304811,126.902402,2,올리브영,2,189078
35.854932,128.634490,6,SK에너지,2,1158081
34.971610,128.327014,3,요양병원,2,874757
36.822892,128.620007,3,카페,6,1033543
37.482044,126.918615,6,에이블리,2,1501215
37.506398,127.029316,7,버거,1,1577566
35.085053,127.709074,1,주유소,3,2208332
37.301621,127.082814,2,버거,1,724995
37.448149,126.895076,4,정육점,3,339513
37.498356,126.690183,1,GS25,2,2115952
36.434804,127.387628,5,배스킨라빈스,6,1296322
35.234009,128.499770,4,치킨,1,760225
37.721704,127.045118,3,카페,4,653546
35.192441,129.128594,4,이마트,4,1334493
35.985541,129.362461,1,메가MGC커피,6,981157
35.812931,128.547713,3,약국,3,1222054
37.535830,126.727652,6,치킨,4,2175452
37.724739,126.746086,4,롯데마트,4,380126
37.587600,127.018698,7,백반/한정식,4,1877554
36.080216,129.388206,3,던킨도너츠,4,959626
37.061136,127.066834,3,버거,3,693263
35.938177,128.566713,6,피자,1,1206326
37.520065,127.158117,2,메가MGC커피,3,719993
34.798549,126.431932,6,파리바게뜨,4,2284633
37.560635,126.981666,7,주유소,1,1500250
37.559446,126.981139,7,폴바셋,6,1686082
37.640355,127.027179,7,김밥/만두/분식,3,2699413
37.671362,127.529438,1,GS칼텍스,4,349982
36.527241,127.367606,2,서점,1,2014728
37.497941,126.788439,7,땡겨요,1,141264
37.547399,129.109114,3,S-OIL,2,41608
37.576608,126.976080,6,파스쿠찌,3,1967783
37.541696,127.063136,7,이마트,1,1942732
35.558243,126.860035,2,버거,4,2381422
37.513725,127.031206,7,쿠팡,5,1837169
37.511770,126.926887,5,한의원,3,1842321
33.451173,126.321083,1,GS25,5,2443104
37.400969,126.722478,6,아이스크림 할인점,4,2115734
37.126854,127.070334,3,이디야커피,3,507208
35.152673,126.919904,7,치킨,6,1114740
35.811443,127.122825,6,버거,4,2374364
36.777263,127.091473,2,배스킨라빈스,1,2538311
35.540851,129.340831,7,편의점,3,2049803
37.492471,126.777525,7,커피빈,2,349380
36.639863,127.463884,5,치킨,3,2644168
36.123664,128.336368,5,피자,2,926586
37.400717,126.886809,1,치킨,2,586537
37.723376,126.740272,4,이디야커피,6,2666228
35.867595,128.581077,7,이마트,3,1188927
37.485503,127.105241,4,뷔페,3,2699873
35.542936,128.485400,1,옥션,2,906719
37.281015,126.999445,5,버거,2,2666468
37.530417,127.000202,6,뷔페,5,1607711
36.338641,127.413646,4,G마켓,2,1313170
37.270499,127.016671,5,횟집,2,168827
37.481855,127.044075,7,횟집,3,1963451
37.486241,126.744698,5,뷔페,1,2117492
37.428744,126.792888,2,G마켓,1,121623
37.106678,127.754738,1,투썸플레이스,6,2602829
37.601772,126.892747,4,김밥/만두/분식,3,484067
35.787598,127.121253,3,치킨,4,2389953
36.552447,128.732021,2,파스쿠찌,2,994670
37.650380,127.077347,6,커피빈,2,1745963
33.246103,126.334046,2,배스킨라빈스,4,2439046
37.217325,127.042648,7,스타필드,1,748686
37.510163,126.943235,6,횟집,4,1543536
37.289327,127.045752,5,한의원,2,704287
37.605015,127.038006,7,SK에너지,1,1719709
35.855287,128.556853,5,파리바게뜨,1,1238751
35.871501,128.692215,4,11번가,5,1205328
35.173527,126.809069,5,치킨,4,1133692
37.259969,127.030240,7,SK에너지,1,186264
37.383093,128.666883,3,아웃백,1,46901
34.800154,126.389211,4,S-OIL,2,2209485
37.438170,126.662911,3,정육점,3,2169992
35.540949,128.498937,2,아웃백,2,911261
36.354316,127.413582,3,치킨,4,1261609
37.559131,126.909153,7,정육점,1,1480546
35.261138,128.638919,5,올리브영,3,798614
35.900932,128.604342,5,꽃집,4,1236661
37.211195,127.097610,7,횟집,2,730173
37.450646,126.787727,3,버거,4,601921
37.571512,126.990611,7,커피빈,2,1753683
36.649658,127.459531,5,족발/보쌈,1,2638144
37.362854,126.728587,3,이마트24,1,494108
36.775127,126.995602,2,투썸플레이스,3,2514444
37.519374,127.114272,7,약국,4,1623468
37.309458,126.847787,6,투썸플레이스,2,664290
35.839165,127.111029,4,쿠팡,2,2377027
36.315115,127.385937,4,GS25,1,1297233
36.296036,127.386340,2,횟집,3,1290465
36.967865,127.933464,6,나이키,1,2654758
35.165808,129.043515,3,스타필드,3,1342313
37.443810,127.152389,6,무신사,1,142964
37.521566,127.114405,5,다이소,1,1742143
36.307204,127.365179,3,버거,3,1309859
37.270354,127.055068,6,정육점,2,485861
34.806230,126.423606,4,던킨도너츠,6,2272545
37.769015,128.390481,1,폴바셋,6,49151
34.891365,128.627868,4,뷔페,6,853262
37.568618,126.988585,7,투썸플레이스,1,1615893
37.755494,126.778363,5,SK에너지,4,361489
34.804846,126.421950,4,주유소,4,2262943
37.639339,126.674237,6,GS25,4,479819
35.660662,126.665487,1,롯데마트,3,2362256
37.532187,126.968973,6,GS25,4,1608103
36.352259,127.401903,5,파스쿠찌,3,1313834
37.595079,127.031235,5,배스킨라빈스,4,1487675
36.492812,127.248688,3,구내식당,4,2015622
37.447466,126.899686,5,피자,1,1558873
37.151057,128.218030,3,던킨도너츠,1,2582515
37.521144,127.039749,7,치킨,2,1501133
37.483527,126.812078,5,이마트,2,473791
37.533438,126.995102,6,편의점,3,1984332
35.105946,129.022841,6,주유소,2,1442921
37.580772,126.914435,5,투썸플레이스,1,1979021
37.306945,127.406186,2,이디야커피,6,190855
35.797566,128.549548,1,주유소,2,1187696
35.952714,127.155242,1,커피빈,1,2717650
37.373472,126.953697,5,아이스크림 할인점,4,541018
35.117155,128.486259,2,버거,4,880648
34.761871,127.666775,6,GS25,4,2255731
36.288576,129.018959,1,뷔페,3,1055140
37.751933,128.895184,6,치킨,2,73815
33.510868,126.516805,4,룰루레몬,1,2408596
37.465429,127.141074,6,구내식당,4,153731
37.684383,127.884796,2,아웃백,2,2661225
37.701432,127.321720,1,AK몰,3,669807
35.862344,127.117597,4,뷔페,4,2306849
36.075281,126.693913,5,주유소,2,2490009
37.015937,127.495005,2,이마트,1,2597147
38.220133,128.368769,1,트레이더스,2,11189
37.399079,126.923702,7,치킨,2,533258
35.163185,129.117705,5,투썸플레이스,1,1398194
37.466880,126.684229,7,치킨,1,2110688
35.642851,129.357920,3,빵/도넛,4,2029917
37.272941,126.969810,4,SK에너지,3,544756
37.563256,126.933006,7,이디야커피,1,1808288
35.559402,129.118284,3,주유소,3,2048538
35.109653,129.011768,3,배스킨라빈스,4,1447652
37.265413,127.026458,6,생맥주 전문,1,170753
35.178626,126.871530,4,뷔페,1,1083755
37.485079,126.781103,7,S-OIL,4,489324
35.801637,129.506155,2,세븐일레븐,1,931438
35.429907,129.282773,1,11번가,1,2025224
35.155819,129.127845,6,무신사,3,1420990
35.914514,128.287071,4,카페,3,987202
36.929242,127.038307,3,주유소,6,2497903
37.260453,127.164113,1,쿠팡이츠,4,379932
36.987100,127.925525,5,엔젤리너스,5,2641579
37.694591,126.701287,1,투썸플레이스,6,495497
37.523369,126.858280,6,HD현대오일뱅크,4,1645634
37.345028,126.747856,4,정육점,4,155358
36.271046,127.469801,2,피자,5,1282647
36.781786,126.463838,2,롯데몰,6,2454697
37.694505,126.766328,5,CU,3,133233
36.348251,126.595905,4,올리브영,1,2500257
37.517682,126.910332,7,주유소,2,1772929
37.503974,126.675678,5,아이스크림 할인점,4,2093481
37.530261,126.649899,6,포잉,4,2147785
36.776044,127.061435,2,빵/도넛,2,2559739
37.642037,126.783490,2,투썸플레이스,1,629967
37.114876,127.031609,1,버거,4,229171
36.736885,127.271867,1,카페,6,2455213
33.400853,126.246868,2,서점,1,2396740
35.479237,129.414666,3,배스킨라빈스,1,2064693
37.469789,126.708881,4,카페,6,2080819
37.659289,126.810773,1,이마트,4,213073
34.850283,126.487822,2,치킨,3,2255093
37.743661,127.043970,7,투썸플레이스,1,2663077
37.654001,127.074193,6,GS25,1,1865664
37.414699,126.981791,2,배스킨라빈스,2,720241
37.833103,127.516861,4,버거,4,398850
34.843619,128.420210,4,롯데VIC마켓,4,858076
37.620060,127.015179,5,던킨도너츠,5,1570100
37.446399,126.664602,5,이마트24,1,2072965
37.235749,127.168177,2,꽃집,2,666716
36.784091,127.016145,6,슈퍼마켓,4,2487681
35.975183,129.413500,2,파스쿠찌,4,2684980
37.925337,127.745106,1,카페,1,104551
36.597262,127.298048,6,치킨,4,2012384
36.794648,127.109679,4,서점,1,2489210
37.267022,127.000806,7,주유소,4,182402
35.230391,126.650309,1,이디야커피,4,2253913
36.989137,127.102642,4,슈퍼마켓,1,632500
37.540693,127.064206,7,파리바게뜨,4,1944233
37.658575,126.773536,6,GS25,1,256512
37.712158,126.765463,3,횟집,2,649295
37.515155,127.097782,6,AK몰,1,1546644
37.647526,127.130287,6,룰루레몬,4,611756
36.564471,128.728463,5,쿠팡이츠,4,934322
37.712084,126.750534,3,한의원,2,257827
35.534406,128.495170,2,빵/도넛,1,2680362
35.209986,128.112796,4,백반/한정식,1,918989
37.566548,126.825322,6,서점,6,1624157
36.988045,126.865102,1,슈퍼마켓,3,128018
36.993125,127.098135,4,홈플러스,1,683392
33.257834,126.584910,2,주유소,6,2450564
37.214223,127.035877,3,G마켓,6,583656
36.808269,127.149423,5,배스킨라빈스,1,2546387
37.560537,126.904168,7,카페,6,1987123
36.358963,128.294361,1,트레이더스,5,951328
37.107215,127.068699,1,쿠팡,1,180787
37.480502,126.986658,7,이마트24,2,1898289
35.957504,126.978947,5,치킨,1,2307491
37.606865,126.940029,1,세븐일레븐,3,1562281
37.527480,126.998123,6,11번가,3,1917563
35.220505,129.104378,4,나이키,6,1392572
36.333604,126.605938,2,폴바셋,4,2554628
37.533856,127.067592,7,이마트24,3,1568537
35.944758,128.619647,2,떡/한과,4,1233365
37.459419,126.676545,7,VIPS,4,2182821
37.740068,126.756600,2,파스쿠찌,1,629486
35.202496,129.098479,6,한의원,2,1339260
37.639631,127.026456,7,패밀리레스토랑,2,1819858
35.840601,128.609059,4,횟집,2,1187407
37.576935,128.241867,1,롯데홈쇼핑,1,104350
37.594490,127.137090,5,SK에너지,2,584861
36.151935,128.430230,2,슈퍼마켓,1,1011836
37.297680,127.533622,1,CU,2,2674523
35.169416,129.058002,2,피자,4,1373117
37.135758,126.906780,6,배스킨라빈스,1,756804
36.778502,126.999213,6,버거,3,2513742
35.965814,128.939447,4,파스쿠찌,3,1054033
37.481285,126.936679,6,주유소,4,1798257
35.105494,129.114647,1,던킨도너츠,4,1349152
35.174099,126.903464,4,롯데마트,1,1114490
35.197767,126.828950,2,경양식,1,1110083
35.181147,129.110026,4,치과병원,4,1355299
35.549289,129.298272,3,G마켓,2,2061264
37.491235,127.498703,3,구내식당,5,721745
36.993635,127.120342,2,배스킨라빈스,4,2671472
37.511748,127.107156,5,서점,5,1510123
35.556761,129.338254,5,컬리,1,2060583
35.219287,128.682837,6,올리브영,1,893431
36.079927,129.394929,5,피자,4,989926
35.583152,126.851085,3,다이소,6,2394448
37.638167,127.020847,7,S-OIL,1,1667689
35.164855,129.174645,7,버거,6,1352916
37.442644,126.735922,3,치과의원,6,2135447
37.610381,126.729101,3,지그재그,3,214225
33.497748,126.945782,1,국수/칼국수,1,2410154
35.568536,129.345911,3,이디야커피,4,2068160
37.637132,126.873093,2,피자,4,2661924
37.496393,126.725862,6,파스쿠찌,4,2178149
35.134348,129.108494,6,한의원,6,1466997
35.187287,126.914510,4,치킨,3,1084318
37.785757,127.651234,1,스타벅스,2,41999
37.402910,126.974902,6,파리바게뜨,2,111523
35.180597,128.082239,4,파스쿠찌,2,2682463
34.891340,128.601786,4,롯데몰,1,781626
35.148024,129.019317,5,쿠팡,1,1437972
37.540054,127.088419,6,뷔페,2,2001595
36.932672,129.242215,1,롯데VIC마켓,2,1006989
37.605944,127.161936,4,서점,3,2666091
37.296814,127.416497,1,에이블리,1,287153
36.318498,127.380351,3,이마트,5,1264187
35.220109,126.878012,2,카페,4,1129740
37.326314,127.974954,3,버거,5,15133
37.667460,126.751630,3,던킨도너츠,2,265267
35.911400,127.758977,2,SK에너지,2,2327978
36.987348,127.584585,3,구내식당,2,2642568
36.722825,127.543983,2,옥션,6,2593305
35.119411,129.039892,6,뷔페,3,1409333
37.611123,127.076251,5,배스킨라빈스,6,1657456
37.490619,126.771558,5,약국,1,166001
33.496758,126.531545,7,족발/보쌈,6,2434472
37.517354,127.063498,1,메가MGC커피,2,1678667
35.154173,129.046463,2,피자,4,1406552
35.843985,128.599772,4,약국,1,1219867
37.372709,127.884976,3,치킨,2,78195
35.121452,126.756195,1,지그재그,1,1128624
33.492977,126.497933,3,커피빈,1,2417568
35.887894,128.576462,3,11번가,6,1151127
37.507453,126.957705,4,CU,3,1539626
35.863358,128.581820,5,S-OIL,4,1195386
35.034524,128.020413,1,이디야커피,2,804517
35.956507,129.402875,3,아이스크림 할인점,1,1009586
37.150074,128.219553,3,다이소,2,2643508
37.581298,127.050219,6,올리브영,4,1910353
35.834056,128.564025,3,11번가,2,1175959
37.532915,127.039293,7,HD현대오일뱅크,4,1586026
37.561950,127.007871,6,커피빈,1,1954658
37.522951,127.033062,7,GS25,1,1802366
35.835761,128.605611,3,던킨도너츠,2,1242041
37.967664,128.759841,2,횟집,4,65417
35.136273,129.055927,7,세븐일레븐,2,1360249
35.897558,128.607739,4,홈플러스,4,1162751
37.440896,127.354173,1,파스쿠찌,1,206077
36.352969,127.372589,6,카페,2,1289438
37.484733,126.891912,7,슈퍼마켓,1,1714923
37.481335,126.927326,7,카페,3,1713748
36.772757,127.012384,3,세븐일레븐,6,2488836
36.603120,127.510094,3,치킨,1,2599841
37.376530,126.930809,6,나이키,2,363318
37.207253,127.109678,5,편의점,2,712062
34.788188,126.379501,4,피자,4,2296799
35.577368,129.313428,2,치과의원,2,2021573
37.607665,127.073619,5,투썸플레이스,2,1758717
37.810594,127.096940,2,약국,4,334910
35.077696,128.091350,5,카페,4,892279
36.651169,127.452469,5,카페,2,2623683
37.287895,127.033114,4,G마켓,1,208102
37.545909,127.056142,7,횟집,3,1757262
34.970281,127.490118,3,횟집,2,2271249
37.322828,126.956206,3,뷔페,1,513630
37.403771,126.905399,6,GS칼텍스,4,332105
34.877414,128.629391,3,꽃집,4,865607
35.225042,128.685885,7,파스쿠찌,1,917663
35.262187,128.344096,2,폴바셋,2,764587
37.582419,127.091362,6,카페,4,1509470
36.973639,127.931256,6,S-OIL,1,2603707
36.745293,126.300104,5,요기요,4,2559829
35.155325,126.808834,4,치킨,4,1067906
36.709776,127.277459,1,김밥/만두/분식,1,2504871
36.365608,127.360843,4,이마트,4,1267166
37.532261,126.782100,2,기념품점,3,521620
37.650594,126.897311,5,버거,2,595033
37.134491,128.230371,2,롯데월드타워,5,2635425
37.486375,126.976595,7,파리바게뜨,1,1930000
37.492562,129.102945,2,구내식당,1,68862
35.596647,129.359959,2,폴바셋,4,2058184
37.594359,127.142624,7,트레이더스,2,381538
37.492477,126.863476,5,치킨,3,1653960
35.228336,126.840813,4,빵/도넛,4,1102667
37.209358,127.037820,7,뷔페,2,417438
36.826876,127.115134,3,피자,4,2475326
35.232276,129.154450,1,약국,1,1357683
35.822440,128.634833,3,카페,1,1215817
37.565689,126.897161,3,SK에너지,2,1901935
36.617435,127.512862,5,쿠팡이츠,2,2637277
36.355093,127.359629,2,횟집,4,1321461
36.960162,127.049888,3,던킨도너츠,3,253329
34.929900,127.699446,3,롯데몰,3,2278675
37.528136,126.895044,5,GS칼텍스,2,1973686
37.260302,127.030968,7,엔젤리너스,1,249198
35.845906,128.616957,4,포잉,1,1166421
37.809560,126.407567,1,GS25,6,2172419
33.508158,126.524664,6,편의점,2,2402739
36.664222,127.477038,3,SK에너지,2,2628217
35.207551,129.005151,4,편의점,2,1432612
35.142181,126.863613,3,버거,6,1100836
35.204371,129.079102,6,이디야커피,3,1475059
36.820755,127.139687,6,주유소,6,2492179
37.317883,126.681307,2,아웃백,4,625581
36.625200,127.448002,4,배달의민족,5,2652021
36.356526,126.603268,2,카페,2,2521497
36.800903,127.146486,5,주유소,4,2452664
37.268355,127.038154,4,약국,4,254415
37.597444,127.049071,5,김밥/만두/분식,4,1761275
37.603972,127.033805,7,롯데마트,2,1941390
37.484049,126.872822,7,커피빈,2,1558086
35.871634,127.073827,3,피자,2,2313819
37.662620,127.307071,4,서점,1,504204
34.937694,128.088570,3,서점,3,922218
36.988167,127.096848,4,요기요,4,157504
37.698523,127.200509,3,S-OIL,4,360826
38.146160,127.311831,2,컬리,2,52706
36.355501,127.410343,3,파스쿠찌,1,1315339
37.210915,127.662910,1,CU,4,262871
37.485487,126.769343,3,구내식당,6,717309
37.272089,127.099970,1,피자,3,711336
37.715374,126.904563,1,피자,3,317157
37.651334,126.685994,2,스타벅스,2,512339
36.916622,128.353063,1,패밀리레스토랑,4,2587159
35.800322,127.126513,4,파스쿠찌,1,2350435
35.312001,128.967598,1,폴바셋,4,858706
37.869841,127.736315,4,폴바셋,1,56063
34.794275,126.392359,4,세븐일레븐,2,2269173
35.257485,128.638644,5,세븐일레븐,1,783952
37.614131,126.927376,7,S-OIL,3,1898220
35.824454,127.147076,6,버거,1,2315203
37.278649,127.432032,6,정육점,6,431488
37.543713,127.218603,3,세븐일레븐,2,392121
36.892574,126.638109,4,메가MGC커피,4,2503335
37.380366,126.974092,4,치킨,1,247830
37.354337,127.192613,1,커피빈,4,418594
37.572134,127.000476,7,배스킨라빈스,1,1603144
35.221204,126.829407,2,11번가,3,1096452
37.814520,126.774338,2,HD현대오일뱅크,4,259217
35.189964,128.558387,3,김밥/만두/분식,1,821762
37.778477,126.767021,1,피자,6,133305
36.980379,128.370611,3,정육점,4,2575852
35.818411,128.535007,6,치과의원,6,1207379
35.319333,128.259112,3,패밀리레스토랑,2,917804
37.514249,127.118062,2,한의원,5,1806374
35.906274,128.612516,4,횟집,4,1141473
38.065116,128.174763,3,쿠팡,3,78771
37.586599,127.413779,1,카페,4,181373
37.533216,127.118160,2,카페,1,2698156
37.668205,126.756785,7,치킨,1,142697
37.566500,127.194579,6,주유소,3,131022
36.414778,128.157536,4,배스킨라빈스,3,1046672
35.544495,129.282676,2,횟집,2,2044103
37.505683,126.664173,6,스타벅스,5,2091516
37.552637,126.917796,7,버거,4,1559334
35.942294,128.557855,6,투썸플레이스,6,1213958
37.488036,126.786803,6,카페,4,137167
35.940440,126.961673,2,이마트,5,2317943
35.191509,129.216601,1,카페,1,1376605
37.531559,126.732527,5,김밥/만두/분식,1,2164005
37.571047,127.027924,6,SK에너지,1,1701831
35.094488,128.988681,5,롯데몰,5,1429799
36.079552,129.397594,5,피자,2,977683
37.681577,127.062589,2,카페,4,1683716
35.732496,128.268751,3,피자,1,951234
37.536200,127.205204,5,카페,1,544533
35.576334,129.318944,2,횟집,4,2032657
35.795374,126.891865,4,백반/한정식,1,2379636
37.736110,127.045702,7,컬리,5,650834
35.082813,128.079751,2,스타벅스,4,918833
35.902823,128.603921,4,던킨도너츠,5,1148973
36.093859,128.427210,3,중국집,6,1030155
37.404856,126.923637,7,아웃백,1,422401
37.590837,126.610696,1,농협하나로마트,2,2180556
37.316408,126.836246,5,이디야커피,4,315889
37.451723,126.905339,5,엔젤리너스,2,1803842
37.494737,126.900315,7,롯데마트,4,1951196
37.557802,127.010480,6,주유소,3,1854666
37.207078,126.820417,4,서점,5,751858
37.478947,126.934320,7,횟집,3,1892007
36.993191,127.087907,4,버거,5,115901
37.738949,126.735760,2,백반/한정식,6,560114
36.790031,127.128967,4,폴바셋,6,2474291
37.675908,126.798896,4,이마트24,4,497334
37.519782,126.874110,5,엔젤리너스,2,1588872
35.221062,128.691829,6,파리바게뜨,2,806113
34.812988,126.419626,5,SK에너지,1,2242178
37.080089,127.058882,5,꽃집,3,716498
35.233142,128.864136,5,이디야커피,1,827267
36.164801,129.096561,1,서점,3,972050
37.579192,127.057797,4,배스킨라빈스,2,1841658
35.893108,126.624751,1,버거,1,2349437
35.842557,128.608816,4,파스쿠찌,3,1150915
36.351522,127.377406,6,올리브영,1,1323434
35.240022,128.644785,2,S-OIL,4,898303
34.887775,128.624386,6,올리브영,1,892112
37.594185,126.825866,1,치킨,1,496916
35.598519,126.994552,1,카페,4,2362169
35.099303,129.039057,5,이디야커피,1,1404132
37.649555,126.936365,1,버거,2,1796282
37.242597,126.448560,1,폴바셋,4,2092791
37.616717,127.032395,7,떡/한과,6,1789509
37.622966,126.708761,2,다이소,2,220457
35.599836,129.363188,3,요기요,1,2029498
38.080994,128.669158,1,약국,4,38378
35.074802,128.081892,2,카페,2,846977
37.332972,126.844561,4,파스쿠찌,2,589283
35.901030,128.617069,3,SK에너지,4,1181629
36.164416,128.435387,1,이디야커피,1,1023488
36.322110,127.383980,4,쿠팡,4,1256687
35.822362,127.146258,6,슈퍼마켓,6,2384039
37.639755,127.079060,1,카페,5,2699868
37.658016,127.242145,4,치킨,3,561060
37.417289,127.126039,7,치킨,4,222643
35.867090,128.700678,4,편의점,1,1220717
33.486723,126.484697,6,요기요,4,2718831
37.397520,126.920176,7,CU,4,340041
37.797569,127.003252,1,트레이더스,3,319336
37.251498,127.038199,4,AK몰,2,206504
36.693903,126.830271,4,GS25,1,2549791
36.023852,127.748437,1,투썸플레이스,1,2382507
37.482566,126.853035,5,카페,4,247449
37.333164,126.741360,1,세븐일레븐,4,188691
36.611961,127.487433,4,피자,6,2605576
36.978269,127.794859,2,G마켓,4,2656370
37.447298,126.680277,6,G마켓,2,2165104
37.548297,126.740079,4,S-OIL,4,2178160
35.204072,129.077786,6,세븐일레븐,4,1472839
34.758008,127.703614,5,빵/도넛,1,2277444
37.496127,126.495005,5,치킨,1,2195897
35.499915,129.380370,1,요양병원,2,2020516
37.552861,127.061708,7,치킨,3,1733274
37.524717,126.903192,7,카페,4,1876878
37.474955,126.622928,3,농협하나로마트,1,2150302
35.169830,129.114541,5,파리바게뜨,1,1421314
35.840392,127.137380,5,서점,4,2345589
34.256259,125.916136,1,GS25,4,2248248
37.392966,126.972863,4,던킨도너츠,4,452513
37.544798,127.156521,3,약국,2,1775533
36.201391,127.087959,5,스타벅스,6,2488930
36.453350,127.430079,5,던킨도너츠,1,1314430
37.233880,127.027607,5,피자,1,249301
37.552284,126.871964,3,GS칼텍스,4,1933141
36.344244,126.599550,6,이마트24,4,2467352
37.532999,127.315306,1,롯데몰,2,671178
35.330335,128.703246,2,룰루레몬,4,818578
35.331121,129.014676,5,치킨,1,908638
37.620737,126.845206,2,횟집,4,347374
37.223564,127.253182,1,GS25,3,736931
35.090596,129.036572,6,롯데월드타워,4,2694004
35.683026,127.909988,5,이디야커피,1,760710
35.273790,128.524889,2,아웃백,4,906364
36.001287,128.414645,2,카페,4,925847
34.763638,127.082308,3,무신사,6,2295882
37.276590,127.632225,2,GS칼텍스,3,171541
37.063798,129.413852,1,슈퍼마켓,3,964360
34.952003,127.516636,6,횟집,4,2291347
35.645057,129.353839,3,SK에너지,3,2058494
37.672029,128.718562,1,슈퍼마켓,4,2659484
36.197580,127.086609,5,서점,4,2492349
36.894806,126.633858,4,세븐일레븐,2,2512848
36.814875,127.102263,5,파리바게뜨,5,2498846
37.576662,126.924389,4,배스킨라빈스,3,1580724
37.678125,126.795834,4,던킨도너츠,6,312808
37.255997,127.039798,5,피자,4,645635
36.936595,127.690269,3,세븐일레븐,2,2600538
37.591775,127.196014,1,떡/한과,3,412651
37.562137,127.195325,5,포잉,1,473229
36.302574,127.567467,5,세븐일레븐,2,2629834
37.334058,126.792368,6,투썸플레이스,3,725265
37.538130,127.096827,6,정육점,2,1501113
35.242668,128.590541,4,카페,2,767103
35.180465,128.144013,3,횟집,6,2680785
37.709975,126.734552,2,중국집,6,661027
37.558123,126.966911,7,구내식당,1,2704130
37.464440,126.880071,6,무신사,5,2676356
37.287386,127.155452,5,뷔페,4,682207
37.577575,126.992846,7,CU,1,1955279
34.930530,127.691102,2,폴바셋,6,2234124
37.373773,127.215256,1,버거,2,625597
35.833059,128.550169,5,롯데몰,1,1229952
35.214870,129.110325,2,투썸플레이스,6,1350776
37.500147,126.840137,4,SK에너지,1,2696880
37.568250,126.992526,7,텐바이텐,4,1792181
36.580699,128.241289,1,이디야커피,3,962270
37.527310,126.639882,5,배스킨라빈스,4,2072612
37.703855,126.904927,3,G마켓,4,354928
35.212541,128.647701,1,파스쿠찌,3,783218
37.562636,126.851832,6,컬리,1,1878255
37.399241,126.738786,5,뷔페,4,2151226
33.482414,126.492140,7,파스쿠찌,2,2718792
37.546364,126.918714,7,이마트24,2,1574841
36.963131,127.491938,3,서점,4,2639181
36.357999,127.420421,3,SK에너지,3,1253732
35.869531,128.550445,3,치킨,3,1213054
36.773925,126.457554,6,지그재그,1,2477961
33.460896,126.397646,1,요기요,3,2426356
36.342951,127.438887,3,스타필드,2,1309875
37.780227,128.905887,1,이디야커피,2,41776
37.651912,126.620569,2,주유소,3,538020
35.909953,128.645146,2,한방병원,2,1238886
36.273740,127.624607,1,피자,4,2594601
37.637913,126.642813,3,던킨도너츠,2,645896
33.500796,126.514176,3,CU,6,2395342
36.793703,126.953482,2,농협하나로마트,2,2720617
36.900216,127.030761,2,포잉,4,2562753
35.192980,126.830219,5,GS25,2,1093174
37.567063,127.170864,2,쿠팡,1,1601796
37.287548,126.991863,2,폴바셋,1,237153
37.619730,127.051131,4,이마트,4,1963162
37.307486,126.990998,4,폴바셋,3,411774
37.161068,126.969439,1,약국,2,742740
36.423057,127.395426,5,치킨,5,1303563
37.882914,127.732194,7,카페,4,86715
35.394178,127.698419,1,백반/한정식,2,810526
37.687343,126.704812,1,무신사,5,328674
37.332347,127.954978,4,횟집,2,88612
35.199663,129.089167,5,세븐일레븐,6,1421876
36.912407,128.342286,1,커피빈,3,2635709
35.810124,127.111249,4,치킨,1,2315846
37.459204,129.162497,2,G마켓,1,16658
37.529659,126.732050,5,배스킨라빈스,2,2154732
35.193322,128.080437,5,뷔페,1,768374
38.206477,128.582388,2,카페,6,90499
37.392376,126.938104,5,파리바게뜨,1,2664682
33.497261,126.528448,7,약국,2,2433951
37.552286,127.036087,6,카페,3,1880477
36.720224,127.108253,1,SK에너지,1,2543344
37.694360,126.770707,5,무신사,4,525449
35.625061,126.466583,2,파스쿠찌,1,2310067
37.732736,127.049172,4,나이키,6,110502
35.234001,128.900718,4,스타필드,2,812155
35.385162,129.142511,2,던킨도너츠,2,778901
37.457491,126.902290,5,파리바게뜨,2,1979254
37.206448,126.826796,5,주유소,4,725493
37.381782,127.124333,6,카페,4,193703
37.556480,126.969153,6,피자,1,1597757
35.199908,128.078567,5,파스쿠찌,6,859405
38.105185,127.704242,2,카페,4,11906
37.662141,126.773907,7,서점,1,361231
37.507308,127.113593,6,세븐일레븐,6,1991293
36.042204,129.368612,6,피자,1,1050127
37.451771,126.714839,6,폴바셋,1,2170695
36.343497,126.589882,2,커피빈,6,2464894
36.776449,127.072265,4,편의점,2,2480391
36.493546,127.253882,6,카페,1,2007191
37.385530,127.238134,3,옥션,3,143477
36.566642,128.732549,3,아웃백,4,997922
37.055239,127.260012,1,구내식당,4,555823
37.495005,126.502097,4,피자,4,2201638
37.203910,127.057920,6,파리바게뜨,1,263375
35.885055,128.553557,4,편의점,4,1177840
35.214157,129.125101,1,배스킨라빈스,2,1375062
37.562409,126.982827,7,김밥/만두/분식,4,2700095
37.529525,127.125306,6,주유소,3,1594790
35.153671,126.919021,7,이마트24,4,1088999
36.622712,127.436079,6,꽃집,1,2600637
34.750237,127.655766,2,치킨,4,2208435
37.296348,127.553753,1,치킨,1,145551
36.109369,127.486066,2,파리바게뜨,2,2513454
37.729759,127.061155,1,CU,6,604713
37.388465,126.982723,4,메가MGC커피,2,164676
35.961276,129.416174,2,주유소,1,1034004
35.309829,126.774631,1,백반/한정식,2,2248821
34.751340,127.702441,5,던킨도너츠,6,2297569
36.019854,129.342558,4,롯데마트,2,1028977
37.327673,127.102622,5,이마트,2,395779
37.391826,126.944873,7,백반/한정식,2,720463
34.953767,127.481838,3,김밥/만두/분식,3,2203218
37.603893,127.018556,5,파리바게뜨,6,1787343
35.204285,126.816738,2,구내식당,2,1129997
37.559131,126.833421,7,편의점,1,1997029
35.729308,126.733467,3,배스킨라빈스,3,2364977
37.769335,128.911559,5,주유소,4,88587
37.547646,127.321332,2,횟집,1,540782
35.867924,129.194666,2,스타필드,2,963029
35.794988,126.881849,3,카페,1,2342003
37.468345,126.703563,6,피자,3,2127773
35.953334,127.119995,2,다이소,2,2717907
37.594310,127.134386,7,트레이더스,1,458939
37.303016,126.835878,3,생맥주 전문,2,417242
37.514945,127.069031,3,치킨,2,1874451
35.832012,127.157388,3,다이소,3,2387426
35.697488,128.455717,4,이마트,4,1214004
37.868826,127.719586,5,뷔페,3,45414
33.248216,126.571468,4,룰루레몬,5,2399424
33.457173,126.437978,1,홈플러스,6,2432709
36.894959,126.628566,6,트레이더스,1,2564276
35.808032,128.531969,4,던킨도너츠,4,2689664
37.568980,126.991631,7,롯데홈쇼핑,2,1686485
37.481689,126.942890,6,스타필드,3,1978534
35.033522,126.714852,4,이마트,4,2297421
36.029560,129.341533,4,11번가,4,1051838
37.172285,128.990413,4,롯데마트,4,44210
35.158783,129.063899,7,약국,3,1335146
35.951520,126.943976,4,배스킨라빈스,2,2389884
35.211825,129.073165,6,SK에너지,2,1393421
37.403373,126.922561,7,파스쿠찌,1,532516
37.482036,126.654179,4,꽃집,2,2135174
37.022816,127.044189,1,구내식당,6,533389
35.008749,126.789956,2,카페,3,2289525
37.638461,126.644357,3,농협하나로마트,1,548455
36.357626,127.396748,2,투썸플레이스,1,1297877
37.490522,126.786139,6,약국,6,208725
36.603349,127.287542,3,카페,4,2003445
37.750198,127.046710,4,메가MGC커피,1,635138
35.157027,126.885171,5,편의점,2,1076097
37.396387,126.932404,3,정육점,4,117164
37.596252,127.130288,3,횟집,3,334671
36.781477,126.462004,2,뷔페,2,2558541
37.541648,126.896980,4,SK에너지,4,1731836
37.193048,126.835367,5,편의점,1,750558
37.166101,126.956557,1,파스쿠찌,3,684732
34.815164,126.397253,2,홈플러스,4,2217245
37.392699,126.746491,3,GS칼텍스,4,2665433
37.158464,127.078099,2,롯데VIC마켓,4,2665028
37.552744,126.929033,6,횟집,1,1775527
35.215429,129.006261,6,컬리,4,1367317
37.498184,127.035001,7,이디야커피,4,1887927
37.372947,127.135721,4,백반/한정식,4,638084
35.227094,128.887059,1,치킨,4,801142
37.252312,127.030175,4,주유소,2,521429
34.803461,126.371609,2,이디야커피,3,2234490
37.587379,127.210024,2,올리브영,3,2667100
37.471153,126.791647,4,다이소,6,146933
37.348933,126.737551,5,던킨도너츠,3,723996
37.175547,127.061126,3,서점,4,317395
35.859824,128.619409,6,이마트24,4,1226411
35.244329,129.210983,3,던킨도너츠,4,1417249
36.114431,128.361498,2,세븐일레븐,1,990639
36.325490,127.423227,6,배스킨라빈스,1,1316936
37.225097,126.838884,2,국수/칼국수,1,747334
37.400102,127.101901,2,커피빈,2,2676585
37.552145,127.026045,5,폴바셋,4,1608199
34.880926,128.740567,1,지그재그,4,812281
36.487237,127.258929,6,파리바게뜨,6,2013695
37.291191,127.017973,3,주유소,4,314412
36.112783,128.399984,2,11번가,1,989420
35.166910,129.159999,3,버거,4,1473181
35.519618,129.338616,2,GS칼텍스,5,2023967
36.326420,127.408231,5,경양식,3,2691639
35.651367,126.837035,1,폴바셋,4,2310374
37.870955,127.749920,5,올리브영,6,31132
37.725894,126.714887,4,GS25,2,584702
36.342948,127.448510,4,국수/칼국수,3,1253447
36.622271,127.313527,4,주유소,2,2639233
37.004756,127.269993,6,포잉,1,429700
35.408120,129.298819,1,김밥/만두/분식,5,2070062
37.345613,127.943810,3,올리브영,4,90419
35.258722,128.876731,6,트레이더스,5,773849
36.764636,126.448657,5,파리바게뜨,1,2534065
35.532780,129.333316,7,배달의민족,2,2024148
37.496640,126.502080,2,카페,1,2200441
34.891179,128.697786,2,이마트,1,893691
37.743811,126.487900,3,이마트24,2,2155558
37.197679,127.080363,2,약국,5,746315
37.390566,126.953877,7,투썸플레이스,2,431967
34.962381,127.569964,2,올리브영,1,2223023
37.843708,127.161243,2,카페,1,190631
38.352538,128.509562,1,SK에너지,4,105411
37.179543,127.094585,3,배스킨라빈스,4,739145
35.221072,129.083900,6,쿠팡이츠,1,1407272
36.453842,127.120457,4,치킨,2,2508255
33.477821,126.374867,1,주유소,2,2423900
37.377431,127.581646,1,카페,4,364612
34.881006,127.220948,1,카페,3,2209053
37.620371,127.000400,2,파리바게뜨,4,1482721
37.466062,126.726359,5,배달의민족,4,2100063
35.734032,128.264439,3,파스쿠찌,4,974332
35.150436,129.062807,7,치킨,4,1400696
37.150834,127.175635,2,폴바셋,4,397978
37.368660,126.725113,1,치킨,4,473079
37.366806,127.308912,1,꽃집,2,426764
35.315488,129.176025,6,주유소,5,1354175
37.054379,126.797032,1,주유소,1,654762
37.854627,127.736544,5,GS25,5,99315
37.538686,126.947145,7,카페,5,1619054
35.172051,129.093927,3,횟집,1,1387419
35.381629,129.147104,4,슈퍼마켓,2,844097
34.786090,126.389929,4,룰루레몬,6,2236339
37.033548,127.027013,3,홈플러스,4,503382
36.634832,127.455530,5,롯데몰,4,2626565
37.513967,126.722990,5,이마트,4,2191064
37.556403,126.826565,7,생맥주 전문,1,1999919
35.154963,129.035173,3,스타필드,1,1429740
35.849336,128.625840,6,떡/한과,6,1153467
36.980925,127.921007,4,농협하나로마트,2,2599824
35.878541,128.596615,3,파스쿠찌,2,1221745
35.079587,126.982742,1,뷔페,4,2204879
35.153919,129.108415,6,배스킨라빈스,3,1397206
37.071112,126.815285,3,떡/한과,4,733571
33.487230,126.533356,4,세븐일레븐,3,2448592
35.236286,129.083057,3,SK에너지,3,1364820
36.625853,127.428802,6,컬리,3,2650357
35.145170,126.918691,7,SK에너지,2,1088558
37.555919,126.965738,6,치킨,4,1600431
37.471443,127.104529,2,스타필드,1,1886182
36.356871,127.338680,6,주유소,1,1270023
37.541404,127.068943,7,롯데월드타워,6,1879900
37.111612,126.681077,2,백반/한정식,4,738454
36.791836,127.585227,2,투썸플레이스,4,2635502
37.537532,128.730816,1,치과의원,4,22916
36.815401,128.607757,3,GS25,2,945673
37.595245,127.080224,6,국수/칼국수,4,1811125
35.807014,127.125026,5,이마트24,4,2305571
37.553645,126.899812,6,세븐일레븐,1,1490803
37.590625,127.036544,4,카페,3,1507851
36.149466,128.312825,5,무신사,1,927359
35.169239,129.175980,7,떡/한과,2,1439794
35.118230,129.042499,6,횟집,1,1371209
35.669760,129.375028,1,치킨,5,1008708
34.635020,128.260236,1,파스쿠찌,3,825167
33.474169,126.545270,2,무신사,2,2417175
37.216458,127.115188,1,이마트,4,742690
35.186827,126.817406,5,꽃집,6,1062248
37.446754,126.884472,4,폴바셋,2,2671734
37.544515,127.078245,4,HD현대오일뱅크,3,1658993
35.188823,129.215811,3,약국,2,1391417
37.308556,126.829703,7,아이스크림 할인점,3,276198
37.454374,126.634059,5,카페,1,2090703
37.330227,127.094279,5,피자,4,400182
37.286536,127.053563,3,이디야커피,1,394058
36.828036,127.145071,7,이마트,4,2551741
36.336276,127.390699,7,GS25,2,1320711
37.813638,127.130070,2,파스쿠찌,4,175754
37.566167,126.842520,4,롯데몰,4,1552950
37.584801,127.055486,5,GS칼텍스,3,1748649
37.537722,127.123891,6,백반/한정식,2,1599479
36.889656,126.628493,6,뷔페,5,2451890
37.624413,126.724392,1,뷔페,6,2671505
37.498222,126.932382,6,기념품점,4,1942893
37.918039,127.313340,1,홈플러스,4,230101
37.583433,126.917927,6,주유소,3,1990020
37.533330,127.095700,6,GS25,3,1577330
35.848578,128.595849,4,파리바게뜨,2,1169852
35.823655,128.550556,3,무신사,1,1216985
37.701498,127.192149,2,피자,1,153711
37.416081,126.676649,6,이마트24,1,2125942
34.770238,127.872565,1,요기요,5,915330
36.643563,126.676082,2,카페,1,2488095
37.512187,126.965658,4,GS25,4,1573016
37.492291,126.927658,6,파리바게뜨,2,1510804
37.631215,127.021259,6,던킨도너츠,4,1890756
37.444422,127.164138,6,요양병원,1,634313
35.864515,128.596988,6,치킨,1,1218780
36.603623,127.515376,2,기념품점,2,2611177
35.940227,126.943762,3,GS25,4,2300534
35.831046,127.137855,6,구내식당,1,2366178
36.105600,128.339318,4,SK에너지,6,943039
37.548045,127.023069,5,약국,6,1668075
37.890999,127.054768,4,아이스크림 할인점,4,290371
37.363638,126.934624,7,SK에너지,2,249112
37.369158,127.103817,7,나이키,2,2672899
34.843181,128.427667,4,피자,5,886200
35.208834,127.466134,2,GS25,3,2237236
37.891229,127.050954,4,한의원,1,427327
37.597233,126.950728,3,던킨도너츠,2,1929296
33.506221,126.526173,6,피자,1,2411797
37.298919,126.843718,3,투썸플레이스,1,2677973
36.778128,126.455633,6,이마트24,6,2527928
37.539209,127.082691,6,서점,1,1866258
36.299150,127.333499,6,뷔페,3,1307704
37.516635,127.054302,7,이마트,4,1779720
33.555867,126.751601,1,치킨,2,2412091
37.573310,126.990348,7,이디야커피,1,1977792
35.897433,128.519419,2,요기요,2,1168390
37.492323,126.891109,7,편의점,3,1910249
37.487895,126.580288,2,서점,6,2125392
37.563248,126.747769,2,치킨,4,2145241
35.161699,129.165240,5,치킨,1,1476443
37.660066,126.764437,7,메가MGC커피,1,317018
35.151601,128.700399,3,족발/보쌈,2,922377
37.221459,126.842141,2,배스킨라빈스,4,694518
35.163355,128.955734,2,메가MGC커피,4,1438315
34.890816,128.612543,6,스타벅스,1,814139
35.212495,126.852967,6,배스킨라빈스,2,1118878
36.847805,127.134032,1,생맥주 전문,6,2557127
37.554848,126.945010,5,뷔페,4,1955680
35.724656,126.743608,3,이디야커피,3,2388488
37.492908,127.044273,7,올리브영,1,1983221
37.623720,126.697404,3,구내식당,3,116184
36.318486,127.414607,5,스타필드,4,1284702
37.481491,126.732773,7,주유소,5,2071720
37.634134,127.023829,4,VIPS,1,1538895
37.562046,126.922750,7,카페,1,1694127
37.564722,127.030423,6,스타필드,4,1998848
34.838094,127.897627,4,주유소,4,893438
33.498469,126.543165,5,던킨도너츠,1,2427608
34.948399,128.339517,1,카페,1,819593
35.128340,129.040429,2,파리바게뜨,2,1446608
37.277090,127.014835,6,기념품점,1,703637
37.489294,126.872586,5,서점,4,1518618
37.658194,127.242807,3,배스킨라빈스,3,131085
37.350782,127.946093,7,GS25,2,3687
35.197654,129.095145,6,투썸플레이스,3,1361896
37.500084,126.675451,5,파리바게뜨,3,2075923
34.549797,126.661576,1,치킨,2,2292068
35.799888,127.117221,4,스타필드,2,2330656
37.405440,126.902445,2,카페,2,604519
36.654626,127.497775,4,약국,2,2628893
35.805603,127.126280,3,CU,4,2386900
37.169617,127.122225,4,빵/도넛,3,354879
37.544586,126.865205,5,서점,3,1483866
36.320776,127.401503,5,이마트,4,1282563
37.444854,126.734334,3,횟집,1,2158327
37.633670,127.028086,4,이디야커피,1,1897345
36.784141,126.453748,6,세븐일레븐,2,2455520
37.498411,127.025501,7,이마트,2,2708051
37.560167,126.922109,7,주유소,1,1857570
37.583528,126.928555,5,아이스크림 할인점,4,1938816
37.669916,126.771326,4,한의원,4,670155
35.556806,129.373309,1,세븐일레븐,1,2022521
37.524485,126.817823,4,컬리,4,538601
37.502402,126.769140,7,S-OIL,1,704632
36.440945,128.153699,1,버거,3,933506
36.797587,127.149382,5,파리바게뜨,1,2485513
36.653078,128.439590,2,백반/한정식,2,981366
34.636167,126.776583,4,카페,1,2206380
37.562930,126.829226,6,카페,3,1662087
36.893875,127.024683,2,이마트,4,2513352
35.183796,128.069284,4,투썸플레이스,4,902127
37.569548,127.006473,7,옥션,1,1551825
37.545177,126.974352,6,던킨도너츠,4,1653467
35.177298,126.886482,3,아이스크림 할인점,3,1128335
37.268416,126.952591,3,롯데홈쇼핑,2,489655
36.273254,127.465595,1,국수/칼국수,1,1275717
38.103169,127.706819,2,땡겨요,2,21163
37.308096,126.828463,7,스타벅스,2,588317
35.185797,126.912047,3,백반/한정식,2,1082026
37.515548,126.929092,7,파리바게뜨,1,1998290
37.739251,127.057015,4,옥션,1,629851
37.296875,127.031657,3,홈플러스,1,423072
37.195102,126.977973,2,아이스크림 할인점,2,735209
37.493345,126.847665,5,편의점,2,1738229
35.137098,129.083267,3,정육점,4,1463042
35.213602,129.048820,1,카페,4,1418643
37.593672,127.148528,3,꽃집,3,192474
35.266371,129.087537,5,서점,6,1354445
35.106793,129.038453,6,치킨,3,2693637
34.940683,127.518244,2,주유소,4,2247780
35.582705,129.340766,2,구내식당,4,2053017
37.400399,126.732725,4,정육점,2,2192984
37.530497,126.701097,2,올리브영,1,2101337
35.847481,128.562464,5,세븐일레븐,4,1159826
37.304617,126.858465,3,폴바셋,1,640642
37.255498,127.025659,6,이마트24,6,204967
33.508315,126.517944,6,패밀리레스토랑,3,2436671
37.382198,128.661072,3,기념품점,2,63371
35.551006,129.275958,2,홈플러스,4,2049460
35.859086,128.623461,6,파스쿠찌,6,1198810
37.508159,127.037325,7,투썸플레이스,2,1896592
37.454724,126.707176,7,카페,1,2108551
37.594279,127.050654,5,정육점,3,1896767
37.349532,127.108832,7,SSG.COM,1,235108
37.555626,126.905289,2,빵/도넛,5,1904555
35.222896,128.589288,4,배스킨라빈스,6,920929
36.303832,127.396524,4,정육점,1,1301317
36.816704,128.606140,3,배스킨라빈스,6,1040802
37.402722,126.916531,7,치과병원,1,2666931
33.497068,126.528008,7,떡/한과,4,2410486
35.130490,129.092427,5,치킨,1,1450501
35.488994,129.084610,2,홈플러스,1,803284
37.854812,127.051288,1,경양식,2,191000
35.847034,127.106743,4,GS25,6,2365766
35.955319,128.485218,1,슈퍼마켓,2,1052992
35.170087,129.176060,5,뷔페,1,1473078
38.202143,128.593774,1,카페,6,93965
34.889222,128.636283,3,편의점,1,759328
36.332454,127.428529,7,치킨,4,1320884
37.560069,127.027915,6,배스킨라빈스,4,1517283
37.593023,126.913796,4,치킨,1,1960295
37.734743,127.309485,1,꽃집,1,172309
37.392387,126.974924,5,세븐일레븐,3,710210
37.552057,126.923490,7,편의점,5,2697225
37.622693,126.915371,7,커피빈,4,1937982
36.800346,127.065602,3,카페,3,2523690
35.195803,128.565460,5,다이소,1,901467
34.874232,128.729997,2,포잉,6,868456
37.489974,127.011900,7,정육점,2,1975397
35.147384,126.920238,7,아웃백,4,1100743
35.634532,128.430101,1,쿠팡이츠,4,1193816
37.416322,127.103937,1,버거,1,418674
36.818427,126.664070,1,배달의민족,3,2537133
37.470963,126.932733,4,카페,1,1606887
37.346834,126.738451,3,구내식당,2,359434
36.625908,127.516915,5,치킨,4,2571347
35.098022,128.993438,2,카페,1,1444207
35.544559,129.424127,4,슈퍼마켓,6,2042628
36.670413,127.489620,5,폴바셋,1,2584437
35.688280,127.911862,5,족발/보쌈,1,887074
37.710577,128.185949,1,지그재그,1,45804
35.359766,129.047234,2,엔젤리너스,1,901069
37.195407,127.101970,6,치킨,1,737433
35.184728,129.084232,6,한의원,1,1350502
